,0,1,2,3,4,5,6,status,Run,n_Mechanics,n_Vans,Response,Replace
0,2019-11-29 01:06:00.000000,2019-11-29 00:00:50.000000,2019-11-29 00:15:51.495865,2019-11-29 00:15:55.273588,,,,Onsite,1,40,40,-1 days +22:54:50.000000000,
1,2019-11-29 01:01:00.000000,2019-11-29 01:01:35.000000,2019-11-29 01:16:50.731654,2019-11-29 01:17:25.731654,2019-11-29 02:13:20.732854,2019-11-29 02:13:55.732854,2019-11-29 02:25:24.473179,Replace,1,40,40,0 days 00:00:35.000000000,950731654000
2,2019-11-29 02:09:00.000000,2019-11-29 02:09:35.000000,2019-11-29 02:28:16.694676,2019-11-29 02:28:51.694676,2019-11-29 02:59:32.301583,2019-11-29 03:00:07.301583,2019-11-29 03:12:55.932031,Replace,1,40,40,0 days 00:00:35.000000000,1156694676000
3,2019-11-29 03:08:00.000000,2019-11-29 03:08:25.000000,2019-11-29 03:24:21.695865,2019-11-29 03:24:47.612982,,,,Onsite,1,40,40,0 days 00:00:25.000000000,
4,2019-11-29 04:18:00.000000,2019-11-29 04:18:45.000000,2019-11-29 04:33:06.629200,2019-11-29 04:33:51.629200,2019-11-29 05:09:21.118744,2019-11-29 05:10:06.118744,2019-11-29 05:27:24.726123,Replace,1,40,40,0 days 00:00:45.000000000,906629200000
5,2019-11-29 05:38:00.000000,2019-11-29 05:38:35.000000,2019-11-29 05:52:07.620072,2019-11-29 05:52:42.620072,2019-11-29 06:16:56.880452,2019-11-29 06:17:31.880452,2019-11-29 06:32:22.591048,Replace,1,40,40,0 days 00:00:35.000000000,847620072000
6,2019-11-29 07:00:00.000000,2019-11-29 07:00:50.000000,2019-11-29 07:17:44.522558,2019-11-29 07:18:34.522558,2019-11-29 08:02:05.133932,2019-11-29 08:02:55.133932,2019-11-29 08:20:06.902360,Replace,1,40,40,0 days 00:00:50.000000000,1064522558000
7,2019-11-29 08:02:00.000000,2019-11-29 08:02:25.000000,2019-11-29 08:19:40.909442,2019-11-29 08:20:05.909442,2019-11-29 09:02:26.247126,2019-11-29 09:02:51.247126,2019-11-29 09:18:26.495319,Replace,1,40,40,0 days 00:00:25.000000000,1060909442000
8,2019-11-29 08:58:00.000000,2019-11-29 08:58:45.000000,2019-11-29 09:09:06.797994,2019-11-29 09:09:51.797994,2019-11-29 09:43:41.652752,2019-11-29 09:44:26.652752,2019-11-29 10:01:01.128733,Replace,1,40,40,0 days 00:00:45.000000000,666797994000
9,2019-11-29 09:57:00.000000,2019-11-29 09:57:45.000000,2019-11-29 10:15:08.191743,2019-11-29 10:15:53.191743,2019-11-29 11:00:31.358896,2019-11-29 11:01:16.358896,2019-11-29 11:19:10.639014,Replace,1,40,40,0 days 00:00:45.000000000,1088191743000
10,2019-11-29 11:04:00.000000,2019-11-29 11:04:45.000000,2019-11-29 11:24:44.579837,2019-11-29 11:24:54.902306,,,,Onsite,1,40,40,0 days 00:00:45.000000000,
11,2019-11-29 12:01:00.000000,2019-11-29 12:01:35.000000,2019-11-29 12:15:13.520978,2019-11-29 12:15:22.503601,,,,Onsite,1,40,40,0 days 00:00:35.000000000,
12,2019-11-29 13:15:00.000000,2019-11-29 13:15:25.000000,2019-11-29 13:36:54.592200,2019-11-29 13:37:19.592200,2019-11-29 14:31:36.643524,2019-11-29 14:32:01.643524,2019-11-29 14:45:19.542622,Replace,1,40,40,0 days 00:00:25.000000000,1314592200000
13,2019-11-29 14:34:00.000000,2019-11-29 14:34:45.000000,2019-11-29 14:49:10.171155,2019-11-29 14:49:31.555450,,,,Onsite,1,40,40,0 days 00:00:45.000000000,
14,2019-11-29 15:42:00.000000,2019-11-29 15:42:45.000000,2019-11-29 16:02:39.627728,2019-11-29 16:02:54.649572,,,,Onsite,1,40,40,0 days 00:00:45.000000000,
15,2019-11-29 16:51:00.000000,2019-11-29 16:51:45.000000,2019-11-29 17:10:53.388763,2019-11-29 17:11:38.388763,2019-11-29 17:50:23.338772,2019-11-29 17:51:08.338772,2019-11-29 18:06:44.914535,Replace,1,40,40,0 days 00:00:45.000000000,1193388763000
16,2019-11-29 18:04:00.000000,2019-11-29 18:04:35.000000,2019-11-29 18:18:40.227676,2019-11-29 18:19:15.227676,2019-11-29 18:46:45.152938,2019-11-29 18:47:20.152938,2019-11-29 19:00:18.118627,Replace,1,40,40,0 days 00:00:35.000000000,880227676000
17,2019-11-29 19:29:00.000000,2019-11-29 19:29:25.000000,2019-11-29 19:45:31.590122,2019-11-29 19:45:56.590122,2019-11-29 20:16:27.286264,2019-11-29 20:16:52.286264,2019-11-29 20:34:33.052165,Replace,1,40,40,0 days 00:00:25.000000000,991590122000
18,2019-11-29 20:31:00.000000,2019-11-29 20:31:30.000000,2019-11-29 20:45:27.468901,2019-11-29 20:45:51.691442,,,,Onsite,1,40,40,0 days 00:00:30.000000000,
19,2019-11-29 21:39:00.000000,2019-11-29 21:39:45.000000,2019-11-29 21:55:45.462609,2019-11-29 21:56:30.462609,2019-11-29 22:26:16.122934,2019-11-29 22:27:01.122934,2019-11-29 22:40:36.146548,Replace,1,40,40,0 days 00:00:45.000000000,1005462609000
20,2019-11-29 22:38:00.000000,2019-11-29 22:38:45.000000,2019-11-29 22:57:25.699626,2019-11-29 22:57:36.597921,,,,Onsite,1,40,40,0 days 00:00:45.000000000,
0,2019-11-29 01:03:00.000000,2019-11-29 00:00:35.000000,2019-11-29 00:15:37.479793,2019-11-29 00:16:12.479793,2019-11-29 00:47:45.020870,2019-11-29 00:48:20.020870,2019-11-29 01:10:58.766498,Replace,2,40,40,-1 days +22:57:35.000000000,937479793000
1,2019-11-29 01:10:00.000000,2019-11-29 01:10:45.000000,2019-11-29 01:28:30.213081,2019-11-29 01:29:15.213081,2019-11-29 02:02:52.808370,2019-11-29 02:03:37.808370,2019-11-29 02:18:30.297156,Replace,2,40,40,0 days 00:00:45.000000000,1110213081000
2,2019-11-29 02:04:00.000000,2019-11-29 02:04:35.000000,2019-11-29 02:15:29.812178,2019-11-29 02:16:04.812178,2019-11-29 02:48:49.385154,2019-11-29 02:49:24.385154,2019-11-29 03:00:24.618671,Replace,2,40,40,0 days 00:00:35.000000000,689812178000
3,2019-11-29 03:22:00.000000,2019-11-29 03:22:30.000000,2019-11-29 03:38:57.253668,2019-11-29 03:39:17.912470,,,,Onsite,2,40,40,0 days 00:00:30.000000000,
4,2019-11-29 04:28:00.000000,2019-11-29 04:28:35.000000,2019-11-29 04:43:13.810469,2019-11-29 04:43:48.810469,2019-11-29 05:20:26.635444,2019-11-29 05:21:01.635444,2019-11-29 05:34:10.340897,Replace,2,40,40,0 days 00:00:35.000000000,913810469000
5,2019-11-29 05:35:00.000000,2019-11-29 05:35:30.000000,2019-11-29 05:51:47.683483,2019-11-29 05:52:17.683483,2019-11-29 06:24:26.024515,2019-11-29 06:24:56.024515,2019-11-29 06:40:33.878698,Replace,2,40,40,0 days 00:00:30.000000000,1007683483000
6,2019-11-29 06:38:00.000000,2019-11-29 06:38:45.000000,2019-11-29 06:51:39.220714,2019-11-29 06:52:24.220714,2019-11-29 07:44:25.277427,2019-11-29 07:45:10.277427,2019-11-29 08:03:19.868429,Replace,2,40,40,0 days 00:00:45.000000000,819220714000
7,2019-11-29 08:00:00.000000,2019-11-29 08:00:45.000000,2019-11-29 08:16:12.717148,2019-11-29 08:16:32.804739,,,,Onsite,2,40,40,0 days 00:00:45.000000000,
8,2019-11-29 09:15:00.000000,2019-11-29 09:15:35.000000,2019-11-29 09:30:45.613432,2019-11-29 09:30:58.138685,,,,Onsite,2,40,40,0 days 00:00:35.000000000,
9,2019-11-29 10:33:00.000000,2019-11-29 10:33:45.000000,2019-11-29 10:51:08.231238,2019-11-29 10:51:31.356233,,,,Onsite,2,40,40,0 days 00:00:45.000000000,
10,2019-11-29 11:32:00.000000,2019-11-29 11:32:45.000000,2019-11-29 11:48:43.719465,2019-11-29 11:48:53.275759,,,,Onsite,2,40,40,0 days 00:00:45.000000000,
11,2019-11-29 12:34:00.000000,2019-11-29 12:34:55.000000,2019-11-29 12:55:08.004554,2019-11-29 12:55:11.781870,,,,Onsite,2,40,40,0 days 00:00:55.000000000,
12,2019-11-29 13:36:00.000000,2019-11-29 13:36:35.000000,2019-11-29 13:56:37.043624,2019-11-29 13:57:12.043624,2019-11-29 14:22:27.618107,2019-11-29 14:23:02.618107,2019-11-29 14:37:35.084075,Replace,2,40,40,0 days 00:00:35.000000000,1237043624000
13,2019-11-29 14:44:00.000000,2019-11-29 14:44:45.000000,2019-11-29 14:58:38.797713,2019-11-29 14:59:23.797713,2019-11-29 15:23:56.318070,2019-11-29 15:24:41.318070,2019-11-29 15:48:43.909376,Replace,2,40,40,0 days 00:00:45.000000000,878797713000
14,2019-11-29 15:45:00.000000,2019-11-29 15:45:55.000000,2019-11-29 16:02:06.468664,2019-11-29 16:02:42.101118,,,,Onsite,2,40,40,0 days 00:00:55.000000000,
15,2019-11-29 16:46:00.000000,2019-11-29 16:46:35.000000,2019-11-29 17:04:04.790503,2019-11-29 17:04:29.772566,,,,Onsite,2,40,40,0 days 00:00:35.000000000,
16,2019-11-29 18:02:00.000000,2019-11-29 18:02:45.000000,2019-11-29 18:21:07.080851,2019-11-29 18:21:52.080851,2019-11-29 18:56:31.418416,2019-11-29 18:57:16.418416,2019-11-29 19:08:11.474916,Replace,2,40,40,0 days 00:00:45.000000000,1147080851000
17,2019-11-29 19:02:00.000000,2019-11-29 19:02:25.000000,2019-11-29 19:18:10.417936,2019-11-29 19:18:24.633270,,,,Onsite,2,40,40,0 days 00:00:25.000000000,
18,2019-11-29 20:16:00.000000,2019-11-29 20:16:45.000000,2019-11-29 20:32:12.001687,2019-11-29 20:32:22.728003,,,,Onsite,2,40,40,0 days 00:00:45.000000000,
0,2019-11-29 01:22:00.000000,2019-11-29 00:00:35.000000,2019-11-29 00:14:54.292995,2019-11-29 00:15:29.292995,2019-11-29 00:47:56.083414,2019-11-29 00:48:31.083414,2019-11-29 01:02:50.066593,Replace,3,40,40,-1 days +22:38:35.000000000,894292995000
1,2019-11-29 01:22:00.000000,2019-11-29 01:22:25.000000,2019-11-29 01:39:38.252386,2019-11-29 01:40:03.252386,2019-11-29 02:32:47.388279,2019-11-29 02:33:12.388279,2019-11-29 02:47:30.168283,Replace,3,40,40,0 days 00:00:25.000000000,1058252386000
2,2019-11-29 02:27:00.000000,2019-11-29 02:27:45.000000,2019-11-29 02:39:19.588288,2019-11-29 02:39:49.672320,,,,Onsite,3,40,40,0 days 00:00:45.000000000,
3,2019-11-29 04:58:00.000000,2019-11-29 04:58:35.000000,2019-11-29 05:13:35.206738,2019-11-29 05:14:10.206738,2019-11-29 05:42:53.568618,2019-11-29 05:43:28.568618,2019-11-29 05:54:49.376062,Replace,3,40,40,0 days 00:00:35.000000000,935206738000
4,2019-11-29 03:54:00.000000,2019-11-29 03:54:30.000000,2019-11-29 04:14:31.267644,2019-11-29 04:15:01.267644,2019-11-29 04:58:13.082249,2019-11-29 04:58:43.082249,2019-11-29 05:14:41.161935,Replace,3,40,40,0 days 00:00:30.000000000,1231267644000
5,2019-11-29 06:06:00.000000,2019-11-29 06:06:55.000000,2019-11-29 06:30:34.065345,2019-11-29 06:31:29.065345,2019-11-29 07:06:44.990518,2019-11-29 07:07:39.990518,2019-11-29 07:27:59.903877,Replace,3,40,40,0 days 00:00:55.000000000,1474065345000
6,2019-11-29 07:19:00.000000,2019-11-29 07:19:30.000000,2019-11-29 07:38:59.289358,2019-11-29 07:39:29.289358,2019-11-29 08:03:15.260648,2019-11-29 08:03:45.260648,2019-11-29 08:21:46.796394,Replace,3,40,40,0 days 00:00:30.000000000,1199289358000
7,2019-11-29 08:36:00.000000,2019-11-29 08:36:25.000000,2019-11-29 08:47:29.124900,2019-11-29 08:47:54.124900,2019-11-29 09:34:46.574822,2019-11-29 09:35:11.574822,2019-11-29 09:48:33.308996,Replace,3,40,40,0 days 00:00:25.000000000,689124900000
8,2019-11-29 09:50:00.000000,2019-11-29 09:50:45.000000,2019-11-29 10:04:01.336584,2019-11-29 10:04:46.336584,2019-11-29 10:44:04.796605,2019-11-29 10:44:49.796605,2019-11-29 11:00:05.066648,Replace,3,40,40,0 days 00:00:45.000000000,841336584000
9,2019-11-29 11:05:00.000000,2019-11-29 11:05:25.000000,2019-11-29 11:17:43.359341,2019-11-29 11:18:08.359341,2019-11-29 11:42:46.755269,2019-11-29 11:43:11.755269,2019-11-29 11:56:32.631062,Replace,3,40,40,0 days 00:00:25.000000000,763359341000
10,2019-11-29 12:17:00.000000,2019-11-29 12:17:30.000000,2019-11-29 12:33:41.171784,2019-11-29 12:34:11.171784,2019-11-29 13:26:29.221491,2019-11-29 13:26:59.221491,2019-11-29 13:41:18.006931,Replace,3,40,40,0 days 00:00:30.000000000,1001171784000
11,2019-11-29 13:22:00.000000,2019-11-29 13:22:35.000000,2019-11-29 13:44:35.207832,2019-11-29 13:44:49.312598,,,,Onsite,3,40,40,0 days 00:00:35.000000000,
12,2019-11-29 14:37:00.000000,2019-11-29 14:37:30.000000,2019-11-29 14:53:39.049048,2019-11-29 14:54:09.049048,2019-11-29 15:25:53.360863,2019-11-29 15:26:23.360863,2019-11-29 15:45:50.081654,Replace,3,40,40,0 days 00:00:30.000000000,999049048000
13,2019-11-29 15:58:00.000000,2019-11-29 15:58:50.000000,2019-11-29 16:14:11.686537,2019-11-29 16:14:25.107769,,,,Onsite,3,40,40,0 days 00:00:50.000000000,
14,2019-11-29 17:23:00.000000,2019-11-29 17:23:45.000000,2019-11-29 17:39:56.880114,2019-11-29 17:40:41.880114,2019-11-29 18:11:23.138250,2019-11-29 18:12:08.138250,2019-11-29 18:27:12.833193,Replace,3,40,40,0 days 00:00:45.000000000,1016880114000
15,2019-11-29 18:42:00.000000,2019-11-29 18:42:35.000000,2019-11-29 18:58:48.688836,2019-11-29 18:58:57.395166,,,,Onsite,3,40,40,0 days 00:00:35.000000000,
16,2019-11-29 19:50:00.000000,2019-11-29 19:50:30.000000,2019-11-29 20:06:54.761745,2019-11-29 20:07:24.761745,2019-11-29 21:00:46.686688,2019-11-29 21:01:16.686688,2019-11-29 21:16:02.706888,Replace,3,40,40,0 days 00:00:30.000000000,1014761745000
17,2019-11-29 21:22:00.000000,2019-11-29 21:22:25.000000,2019-11-29 21:39:05.172007,2019-11-29 21:39:30.172007,2019-11-29 22:22:47.012244,2019-11-29 22:23:12.012244,2019-11-29 22:37:31.290969,Replace,3,40,40,0 days 00:00:25.000000000,1025172007000
0,2019-11-29 01:10:00.000000,2019-11-29 00:00:35.000000,2019-11-29 00:19:43.489920,2019-11-29 00:20:18.489920,2019-11-29 00:51:54.337258,2019-11-29 00:52:29.337258,2019-11-29 01:07:52.674240,Replace,4,40,40,-1 days +22:50:35.000000000,1183489920000
1,2019-11-29 01:18:00.000000,2019-11-29 01:18:50.000000,2019-11-29 01:35:54.132130,2019-11-29 01:36:44.132130,2019-11-29 02:07:35.114419,2019-11-29 02:08:25.114419,2019-11-29 02:23:00.319172,Replace,4,40,40,0 days 00:00:50.000000000,1074132130000
2,2019-11-29 02:46:00.000000,2019-11-29 02:46:50.000000,2019-11-29 03:02:46.672131,2019-11-29 03:03:13.664547,,,,Onsite,4,40,40,0 days 00:00:50.000000000,
3,2019-11-29 03:53:00.000000,2019-11-29 03:53:25.000000,2019-11-29 04:07:47.516387,2019-11-29 04:08:12.516387,2019-11-29 04:45:20.962879,2019-11-29 04:45:45.962879,2019-11-29 05:00:30.271989,Replace,4,40,40,0 days 00:00:25.000000000,887516387000
4,2019-11-29 04:56:00.000000,2019-11-29 04:56:30.000000,2019-11-29 05:14:54.141251,2019-11-29 05:15:18.546930,,,,Onsite,4,40,40,0 days 00:00:30.000000000,
5,2019-11-29 05:59:00.000000,2019-11-29 05:59:50.000000,2019-11-29 06:12:53.247195,2019-11-29 06:13:43.247195,2019-11-29 06:57:53.902735,2019-11-29 06:58:43.902735,2019-11-29 07:09:22.019688,Replace,4,40,40,0 days 00:00:50.000000000,833247195000
6,2019-11-29 07:33:00.000000,2019-11-29 07:33:50.000000,2019-11-29 07:45:39.218527,2019-11-29 07:46:29.218527,2019-11-29 08:43:31.533174,2019-11-29 08:44:21.533174,2019-11-29 09:01:07.410267,Replace,4,40,40,0 days 00:00:50.000000000,759218527000
7,2019-11-29 08:50:00.000000,2019-11-29 08:50:35.000000,2019-11-29 09:03:33.018860,2019-11-29 09:04:08.018860,2019-11-29 09:49:36.871976,2019-11-29 09:50:11.871976,2019-11-29 10:11:54.656334,Replace,4,40,40,0 days 00:00:35.000000000,813018860000
8,2019-11-29 09:40:00.000000,2019-11-29 09:40:45.000000,2019-11-29 09:57:16.349071,2019-11-29 09:58:01.349071,2019-11-29 10:39:13.718789,2019-11-29 10:39:58.718789,2019-11-29 10:54:12.614202,Replace,4,40,40,0 days 00:00:45.000000000,1036349071000
9,2019-11-29 10:50:00.000000,2019-11-29 10:50:35.000000,2019-11-29 11:01:26.906116,2019-11-29 11:01:33.685095,,,,Onsite,4,40,40,0 days 00:00:35.000000000,
10,2019-11-29 12:04:00.000000,2019-11-29 12:04:35.000000,2019-11-29 12:20:31.102680,2019-11-29 12:21:06.102680,2019-11-29 13:08:48.100671,2019-11-29 13:09:23.100671,2019-11-29 13:25:04.338308,Replace,4,40,40,0 days 00:00:35.000000000,991102680000
11,2019-11-29 13:23:00.000000,2019-11-29 13:23:45.000000,2019-11-29 13:40:08.595261,2019-11-29 13:40:53.595261,2019-11-29 14:10:01.728211,2019-11-29 14:10:46.728211,2019-11-29 14:29:38.302796,Replace,4,40,40,0 days 00:00:45.000000000,1028595261000
12,2019-11-29 14:38:00.000000,2019-11-29 14:38:30.000000,2019-11-29 14:54:19.264861,2019-11-29 14:54:49.264861,2019-11-29 15:24:12.580955,2019-11-29 15:24:42.580955,2019-11-29 15:44:46.512418,Replace,4,40,40,0 days 00:00:30.000000000,979264861000
13,2019-11-29 15:57:00.000000,2019-11-29 15:57:45.000000,2019-11-29 16:17:36.571189,2019-11-29 16:17:52.043997,,,,Onsite,4,40,40,0 days 00:00:45.000000000,
14,2019-11-29 17:01:00.000000,2019-11-29 17:01:45.000000,2019-11-29 17:15:51.251043,2019-11-29 17:16:36.251043,2019-11-29 17:52:55.043375,2019-11-29 17:53:40.043375,2019-11-29 18:14:20.817026,Replace,4,40,40,0 days 00:00:45.000000000,891251043000
15,2019-11-29 17:58:00.000000,2019-11-29 17:58:35.000000,2019-11-29 18:14:16.991921,2019-11-29 18:14:51.991921,2019-11-29 18:39:57.506412,2019-11-29 18:40:32.506412,2019-11-29 18:57:14.746681,Replace,4,40,40,0 days 00:00:35.000000000,976991921000
16,2019-11-29 19:06:00.000000,2019-11-29 19:06:50.000000,2019-11-29 19:23:40.555481,2019-11-29 19:24:30.555481,2019-11-29 20:06:57.426361,2019-11-29 20:07:47.426361,2019-11-29 20:26:51.956758,Replace,4,40,40,0 days 00:00:50.000000000,1060555481000
17,2019-11-29 20:16:00.000000,2019-11-29 20:16:25.000000,2019-11-29 20:31:31.570344,2019-11-29 20:31:51.108542,,,,Onsite,4,40,40,0 days 00:00:25.000000000,
18,2019-11-29 21:28:00.000000,2019-11-29 21:28:45.000000,2019-11-29 21:45:44.156081,2019-11-29 21:46:29.156081,2019-11-29 22:16:04.048082,2019-11-29 22:16:49.048082,2019-11-29 22:34:53.363571,Replace,4,40,40,0 days 00:00:45.000000000,1064156081000
0,2019-11-29 00:52:00.000000,2019-11-29 00:00:30.000000,2019-11-29 00:16:37.884277,2019-11-29 00:17:07.884277,2019-11-29 00:42:32.081643,2019-11-29 00:43:02.081643,2019-11-29 00:57:25.062509,Replace,5,40,40,-1 days +23:08:30.000000000,997884277000
1,2019-11-29 01:10:00.000000,2019-11-29 01:10:55.000000,2019-11-29 01:28:13.100446,2019-11-29 01:29:08.100446,2019-11-29 01:59:19.537268,2019-11-29 02:00:14.537268,2019-11-29 02:13:48.020509,Replace,5,40,40,0 days 00:00:55.000000000,1093100446000
2,2019-11-29 02:21:00.000000,2019-11-29 02:21:55.000000,2019-11-29 02:40:00.168209,2019-11-29 02:40:33.416266,,,,Onsite,5,40,40,0 days 00:00:55.000000000,
3,2019-11-29 03:27:00.000000,2019-11-29 03:27:30.000000,2019-11-29 03:44:40.229721,2019-11-29 03:45:10.229721,2019-11-29 04:18:17.556817,2019-11-29 04:18:47.556817,2019-11-29 04:33:20.277875,Replace,5,40,40,0 days 00:00:30.000000000,1060229721000
4,2019-11-29 04:33:00.000000,2019-11-29 04:33:50.000000,2019-11-29 04:44:17.232563,2019-11-29 04:45:07.232563,2019-11-29 05:44:22.684775,2019-11-29 05:45:12.684775,2019-11-29 05:58:05.276078,Replace,5,40,40,0 days 00:00:50.000000000,677232563000
5,2019-11-29 05:46:00.000000,2019-11-29 05:46:30.000000,2019-11-29 06:02:34.064925,2019-11-29 06:03:04.064925,2019-11-29 06:30:00.372482,2019-11-29 06:30:30.372482,2019-11-29 06:45:26.889992,Replace,5,40,40,0 days 00:00:30.000000000,994064925000
6,2019-11-29 06:51:00.000000,2019-11-29 06:51:25.000000,2019-11-29 07:10:23.750107,2019-11-29 07:10:48.750107,2019-11-29 07:36:15.213201,2019-11-29 07:36:40.213201,2019-11-29 07:55:09.790924,Replace,5,40,40,0 days 00:00:25.000000000,1163750107000
7,2019-11-29 08:00:00.000000,2019-11-29 08:00:45.000000,2019-11-29 08:15:34.861486,2019-11-29 08:16:19.861486,2019-11-29 08:44:19.083127,2019-11-29 08:45:04.083127,2019-11-29 09:02:12.300795,Replace,5,40,40,0 days 00:00:45.000000000,934861486000
8,2019-11-29 09:21:00.000000,2019-11-29 09:21:45.000000,2019-11-29 09:37:48.854763,2019-11-29 09:38:33.854763,2019-11-29 10:03:52.792979,2019-11-29 10:04:37.792979,2019-11-29 10:25:02.680227,Replace,5,40,40,0 days 00:00:45.000000000,1008854763000
9,2019-11-29 10:33:00.000000,2019-11-29 10:33:35.000000,2019-11-29 10:51:55.978814,2019-11-29 10:52:05.322258,,,,Onsite,5,40,40,0 days 00:00:35.000000000,
10,2019-11-29 11:42:00.000000,2019-11-29 11:42:45.000000,2019-11-29 11:53:31.821457,2019-11-29 11:53:40.316656,,,,Onsite,5,40,40,0 days 00:00:45.000000000,
11,2019-11-29 12:36:00.000000,2019-11-29 12:36:55.000000,2019-11-29 12:52:45.689760,2019-11-29 12:53:40.689760,2019-11-29 13:31:16.931597,2019-11-29 13:32:11.931597,2019-11-29 13:43:57.668778,Replace,5,40,40,0 days 00:00:55.000000000,1005689760000
12,2019-11-29 13:47:00.000000,2019-11-29 13:47:30.000000,2019-11-29 14:02:22.201052,2019-11-29 14:02:49.241803,,,,Onsite,5,40,40,0 days 00:00:30.000000000,
13,2019-11-29 14:48:00.000000,2019-11-29 14:48:45.000000,2019-11-29 15:04:22.728931,2019-11-29 15:04:30.996711,,,,Onsite,5,40,40,0 days 00:00:45.000000000,
14,2019-11-29 15:55:00.000000,2019-11-29 15:55:30.000000,2019-11-29 16:11:56.476173,2019-11-29 16:12:26.476173,2019-11-29 17:03:09.024693,2019-11-29 17:03:39.024693,2019-11-29 17:22:49.013654,Replace,5,40,40,0 days 00:00:30.000000000,1016476173000
15,2019-11-29 16:46:00.000000,2019-11-29 16:46:25.000000,2019-11-29 17:03:18.330668,2019-11-29 17:03:43.330668,2019-11-29 17:43:08.152072,2019-11-29 17:43:33.152072,2019-11-29 18:03:06.735281,Replace,5,40,40,0 days 00:00:25.000000000,1038330668000
16,2019-11-29 17:51:00.000000,2019-11-29 17:51:45.000000,2019-11-29 18:06:36.114027,2019-11-29 18:07:21.114027,2019-11-29 18:38:19.635100,2019-11-29 18:39:04.635100,2019-11-29 18:55:51.213812,Replace,5,40,40,0 days 00:00:45.000000000,936114027000
17,2019-11-29 18:52:00.000000,2019-11-29 18:52:45.000000,2019-11-29 19:10:25.755594,2019-11-29 19:10:39.602813,,,,Onsite,5,40,40,0 days 00:00:45.000000000,
18,2019-11-29 19:49:00.000000,2019-11-29 19:49:35.000000,2019-11-29 20:01:30.274509,2019-11-29 20:02:05.274509,2019-11-29 20:27:55.182478,2019-11-29 20:28:30.182478,2019-11-29 20:44:02.963044,Replace,5,40,40,0 days 00:00:35.000000000,750274509000
19,2019-11-29 20:41:00.000000,2019-11-29 20:41:45.000000,2019-11-29 21:02:44.778966,2019-11-29 21:03:29.778966,2019-11-29 21:32:14.607502,2019-11-29 21:32:59.607502,2019-11-29 21:49:41.808497,Replace,5,40,40,0 days 00:00:45.000000000,1304778966000
20,2019-11-29 21:47:00.000000,2019-11-29 21:47:50.000000,2019-11-29 22:03:47.708432,2019-11-29 22:04:37.708432,2019-11-29 22:39:54.031596,2019-11-29 22:40:44.031596,2019-11-29 22:52:58.457083,Replace,5,40,40,0 days 00:00:50.000000000,1007708432000
0,2019-11-29 01:09:00.000000,2019-11-29 00:00:25.000000,2019-11-29 00:17:24.959004,2019-11-29 00:17:49.959004,2019-11-29 00:43:37.115645,2019-11-29 00:44:02.115645,2019-11-29 00:59:13.352345,Replace,6,40,40,-1 days +22:51:25.000000000,1044959004000
1,2019-11-29 01:09:00.000000,2019-11-29 01:09:30.000000,2019-11-29 01:23:07.799726,2019-11-29 01:23:37.799726,2019-11-29 02:11:54.666330,2019-11-29 02:12:24.666330,2019-11-29 02:30:26.559051,Replace,6,40,40,0 days 00:00:30.000000000,847799726000
2,2019-11-29 03:24:00.000000,2019-11-29 03:24:55.000000,2019-11-29 03:37:49.999452,2019-11-29 03:38:06.126417,,,,Onsite,6,40,40,0 days 00:00:55.000000000,
3,2019-11-29 02:27:00.000000,2019-11-29 02:27:55.000000,2019-11-29 02:46:08.287162,2019-11-29 02:47:03.287162,2019-11-29 03:23:47.570201,2019-11-29 03:24:42.570201,2019-11-29 03:38:53.297841,Replace,6,40,40,0 days 00:00:55.000000000,1148287162000
4,2019-11-29 04:30:00.000000,2019-11-29 04:30:55.000000,2019-11-29 04:43:41.481912,2019-11-29 04:44:36.481912,2019-11-29 05:27:49.105889,2019-11-29 05:28:44.105889,2019-11-29 05:46:36.583080,Replace,6,40,40,0 days 00:00:55.000000000,821481912000
5,2019-11-29 05:43:00.000000,2019-11-29 05:43:25.000000,2019-11-29 05:57:51.453240,2019-11-29 05:58:16.453240,2019-11-29 06:39:02.405576,2019-11-29 06:39:27.405576,2019-11-29 06:51:20.475148,Replace,6,40,40,0 days 00:00:25.000000000,891453240000
6,2019-11-29 07:03:00.000000,2019-11-29 07:03:25.000000,2019-11-29 07:12:37.127277,2019-11-29 07:12:55.304317,,,,Onsite,6,40,40,0 days 00:00:25.000000000,
7,2019-11-29 08:13:00.000000,2019-11-29 08:13:45.000000,2019-11-29 08:27:24.657116,2019-11-29 08:27:37.387079,,,,Onsite,6,40,40,0 days 00:00:45.000000000,
8,2019-11-29 09:19:00.000000,2019-11-29 09:19:55.000000,2019-11-29 09:35:30.750661,2019-11-29 09:36:01.238180,,,,Onsite,6,40,40,0 days 00:00:55.000000000,
9,2019-11-29 10:37:00.000000,2019-11-29 10:37:45.000000,2019-11-29 10:49:11.369670,2019-11-29 10:49:56.369670,2019-11-29 11:44:12.883540,2019-11-29 11:44:57.883540,2019-11-29 12:00:46.587883,Replace,6,40,40,0 days 00:00:45.000000000,731369670000
10,2019-11-29 11:44:00.000000,2019-11-29 11:44:45.000000,2019-11-29 12:02:11.158126,2019-11-29 12:02:56.158126,2019-11-29 12:59:14.167020,2019-11-29 12:59:59.167020,2019-11-29 13:17:11.419576,Replace,6,40,40,0 days 00:00:45.000000000,1091158126000
11,2019-11-29 13:50:00.000000,2019-11-29 13:50:45.000000,2019-11-29 14:06:25.455964,2019-11-29 14:06:56.132507,,,,Onsite,6,40,40,0 days 00:00:45.000000000,
12,2019-11-29 12:49:00.000000,2019-11-29 12:49:50.000000,2019-11-29 13:05:13.244634,2019-11-29 13:06:03.244634,2019-11-29 13:38:39.601241,2019-11-29 13:39:29.601241,2019-11-29 14:00:32.055869,Replace,6,40,40,0 days 00:00:50.000000000,973244634000
13,2019-11-29 15:00:00.000000,2019-11-29 15:00:50.000000,2019-11-29 15:20:53.299978,2019-11-29 15:21:43.299978,2019-11-29 15:59:15.344180,2019-11-29 16:00:05.344180,2019-11-29 16:18:46.131883,Replace,6,40,40,0 days 00:00:50.000000000,1253299978000
14,2019-11-29 16:13:00.000000,2019-11-29 16:13:55.000000,2019-11-29 16:24:08.061910,2019-11-29 16:25:03.061910,2019-11-29 16:55:15.870223,2019-11-29 16:56:10.870223,2019-11-29 17:14:14.894377,Replace,6,40,40,0 days 00:00:55.000000000,668061910000
15,2019-11-29 17:21:00.000000,2019-11-29 17:21:25.000000,2019-11-29 17:35:19.968656,2019-11-29 17:35:44.968656,2019-11-29 18:22:48.247356,2019-11-29 18:23:13.247356,2019-11-29 18:38:50.465998,Replace,6,40,40,0 days 00:00:25.000000000,859968656000
16,2019-11-29 18:49:00.000000,2019-11-29 18:49:55.000000,2019-11-29 19:06:35.939915,2019-11-29 19:07:30.939915,2019-11-29 19:44:35.739610,2019-11-29 19:45:30.739610,2019-11-29 19:59:20.570813,Replace,6,40,40,0 days 00:00:55.000000000,1055939915000
17,2019-11-29 19:53:00.000000,2019-11-29 19:53:35.000000,2019-11-29 20:07:15.733073,2019-11-29 20:07:39.421965,,,,Onsite,6,40,40,0 days 00:00:35.000000000,
18,2019-11-29 21:01:00.000000,2019-11-29 21:01:30.000000,2019-11-29 21:18:44.857087,2019-11-29 21:19:14.857087,2019-11-29 22:03:06.029036,2019-11-29 22:03:36.029036,2019-11-29 22:23:54.931612,Replace,6,40,40,0 days 00:00:30.000000000,1064857087000
0,2019-11-29 01:12:00.000000,2019-11-29 00:00:45.000000,2019-11-29 00:17:16.791595,2019-11-29 00:17:34.038065,,,,Onsite,7,40,40,-1 days +22:48:45.000000000,
1,2019-11-29 01:18:00.000000,2019-11-29 01:18:30.000000,2019-11-29 01:31:31.208618,2019-11-29 01:32:01.208618,2019-11-29 02:24:10.010401,2019-11-29 02:24:40.010401,2019-11-29 02:45:12.406044,Replace,7,40,40,0 days 00:00:30.000000000,811208618000
2,2019-11-29 02:09:00.000000,2019-11-29 02:09:55.000000,2019-11-29 02:17:18.951048,2019-11-29 02:18:13.951048,2019-11-29 02:41:22.394343,2019-11-29 02:42:17.394343,2019-11-29 02:57:53.198951,Replace,7,40,40,0 days 00:00:55.000000000,498951048000
3,2019-11-29 03:25:00.000000,2019-11-29 03:25:30.000000,2019-11-29 03:43:31.490741,2019-11-29 03:43:45.588522,,,,Onsite,7,40,40,0 days 00:00:30.000000000,
4,2019-11-29 04:30:00.000000,2019-11-29 04:30:50.000000,2019-11-29 04:42:32.169103,2019-11-29 04:42:40.463336,,,,Onsite,7,40,40,0 days 00:00:50.000000000,
5,2019-11-29 05:44:00.000000,2019-11-29 05:44:45.000000,2019-11-29 05:59:35.494488,2019-11-29 06:00:20.494488,2019-11-29 06:29:56.248068,2019-11-29 06:30:41.248068,2019-11-29 06:54:04.327427,Replace,7,40,40,0 days 00:00:45.000000000,935494488000
6,2019-11-29 07:14:00.000000,2019-11-29 07:14:30.000000,2019-11-29 07:31:20.621024,2019-11-29 07:31:50.621024,2019-11-29 08:10:37.631315,2019-11-29 08:11:07.631315,2019-11-29 08:26:43.863639,Replace,7,40,40,0 days 00:00:30.000000000,1040621024000
7,2019-11-29 08:13:00.000000,2019-11-29 08:13:35.000000,2019-11-29 08:27:59.990498,2019-11-29 08:28:34.990498,2019-11-29 08:53:12.109544,2019-11-29 08:53:47.109544,2019-11-29 09:13:33.573714,Replace,7,40,40,0 days 00:00:35.000000000,899990498000
8,2019-11-29 09:15:00.000000,2019-11-29 09:15:25.000000,2019-11-29 09:33:18.962097,2019-11-29 09:33:43.962097,2019-11-29 10:00:18.469568,2019-11-29 10:00:43.469568,2019-11-29 10:15:22.415479,Replace,7,40,40,0 days 00:00:25.000000000,1098962097000
9,2019-11-29 10:13:00.000000,2019-11-29 10:13:45.000000,2019-11-29 10:27:11.850904,2019-11-29 10:27:56.850904,2019-11-29 11:06:57.732697,2019-11-29 11:07:42.732697,2019-11-29 11:27:20.187938,Replace,7,40,40,0 days 00:00:45.000000000,851850904000
10,2019-11-29 11:20:00.000000,2019-11-29 11:20:55.000000,2019-11-29 11:29:48.895679,2019-11-29 11:30:09.054823,,,,Onsite,7,40,40,0 days 00:00:55.000000000,
11,2019-11-29 12:27:00.000000,2019-11-29 12:27:45.000000,2019-11-29 12:45:08.549354,2019-11-29 12:45:25.360044,,,,Onsite,7,40,40,0 days 00:00:45.000000000,
12,2019-11-29 13:30:00.000000,2019-11-29 13:30:25.000000,2019-11-29 13:43:11.596416,2019-11-29 13:43:36.596416,2019-11-29 14:10:02.769366,2019-11-29 14:10:27.769366,2019-11-29 14:24:58.340039,Replace,7,40,40,0 days 00:00:25.000000000,791596416000
13,2019-11-29 14:18:00.000000,2019-11-29 14:18:25.000000,2019-11-29 14:38:26.622155,2019-11-29 14:38:35.064621,,,,Onsite,7,40,40,0 days 00:00:25.000000000,
14,2019-11-29 15:22:00.000000,2019-11-29 15:22:50.000000,2019-11-29 15:39:52.492545,2019-11-29 15:40:42.492545,2019-11-29 16:19:35.900324,2019-11-29 16:20:25.900324,2019-11-29 16:36:43.309067,Replace,7,40,40,0 days 00:00:50.000000000,1072492545000
15,2019-11-29 16:28:00.000000,2019-11-29 16:28:35.000000,2019-11-29 16:49:32.462093,2019-11-29 16:50:07.462093,2019-11-29 17:18:18.372047,2019-11-29 17:18:53.372047,2019-11-29 17:40:48.934155,Replace,7,40,40,0 days 00:00:35.000000000,1292462093000
16,2019-11-29 17:40:00.000000,2019-11-29 17:40:45.000000,2019-11-29 17:58:46.988108,2019-11-29 17:59:31.988108,2019-11-29 18:26:58.468543,2019-11-29 18:27:43.468543,2019-11-29 18:42:00.565182,Replace,7,40,40,0 days 00:00:45.000000000,1126988108000
17,2019-11-29 18:41:00.000000,2019-11-29 18:41:25.000000,2019-11-29 18:54:13.318251,2019-11-29 18:54:37.962390,,,,Onsite,7,40,40,0 days 00:00:25.000000000,
18,2019-11-29 19:48:00.000000,2019-11-29 19:48:50.000000,2019-11-29 20:08:19.437215,2019-11-29 20:09:09.437215,2019-11-29 20:51:20.747386,2019-11-29 20:52:10.747386,2019-11-29 21:11:12.311257,Replace,7,40,40,0 days 00:00:50.000000000,1219437215000
19,2019-11-29 21:03:00.000000,2019-11-29 21:03:30.000000,2019-11-29 21:20:44.841944,2019-11-29 21:21:13.998646,,,,Onsite,7,40,40,0 days 00:00:30.000000000,
20,2019-11-29 22:08:00.000000,2019-11-29 22:08:55.000000,2019-11-29 22:24:30.468654,2019-11-29 22:24:34.043420,,,,Onsite,7,40,40,0 days 00:00:55.000000000,
0,2019-11-29 01:04:00.000000,2019-11-29 00:00:55.000000,2019-11-29 00:12:23.893837,2019-11-29 00:12:26.539518,,,,Onsite,8,40,40,-1 days +22:56:55.000000000,
1,2019-11-29 00:56:00.000000,2019-11-29 00:56:30.000000,2019-11-29 01:10:57.052717,2019-11-29 01:11:20.057793,,,,Onsite,8,40,40,0 days 00:00:30.000000000,
2,2019-11-29 02:07:00.000000,2019-11-29 02:07:45.000000,2019-11-29 02:28:15.936101,2019-11-29 02:29:00.936101,2019-11-29 03:14:30.055202,2019-11-29 03:15:15.055202,2019-11-29 03:29:01.669316,Replace,8,40,40,0 days 00:00:45.000000000,1275936101000
3,2019-11-29 03:16:00.000000,2019-11-29 03:16:30.000000,2019-11-29 03:35:00.495861,2019-11-29 03:35:30.495861,2019-11-29 04:08:34.056315,2019-11-29 04:09:04.056315,2019-11-29 04:32:26.571022,Replace,8,40,40,0 days 00:00:30.000000000,1140495861000
4,2019-11-29 04:32:00.000000,2019-11-29 04:32:55.000000,2019-11-29 04:52:17.621028,2019-11-29 04:53:12.621028,2019-11-29 05:21:20.009212,2019-11-29 05:22:15.009212,2019-11-29 05:40:15.425730,Replace,8,40,40,0 days 00:00:55.000000000,1217621028000
5,2019-11-29 05:30:00.000000,2019-11-29 05:30:45.000000,2019-11-29 05:50:44.435638,2019-11-29 05:51:02.919136,,,,Onsite,8,40,40,0 days 00:00:45.000000000,
6,2019-11-29 06:41:00.000000,2019-11-29 06:41:50.000000,2019-11-29 06:56:16.489793,2019-11-29 06:57:06.489793,2019-11-29 07:41:14.843182,2019-11-29 07:42:04.843182,2019-11-29 07:59:39.498999,Replace,8,40,40,0 days 00:00:50.000000000,916489793000
7,2019-11-29 08:49:00.000000,2019-11-29 08:49:30.000000,2019-11-29 09:08:53.132305,2019-11-29 09:09:12.577990,,,,Onsite,8,40,40,0 days 00:00:30.000000000,
8,2019-11-29 07:42:00.000000,2019-11-29 07:42:30.000000,2019-11-29 08:01:33.016993,2019-11-29 08:02:03.016993,2019-11-29 08:27:40.999449,2019-11-29 08:28:10.999449,2019-11-29 08:49:35.224977,Replace,8,40,40,0 days 00:00:30.000000000,1173016993000
9,2019-11-29 09:50:00.000000,2019-11-29 09:50:45.000000,2019-11-29 10:11:01.163647,2019-11-29 10:11:46.163647,2019-11-29 10:48:45.094526,2019-11-29 10:49:30.094526,2019-11-29 11:05:42.339326,Replace,8,40,40,0 days 00:00:45.000000000,1261163647000
10,2019-11-29 10:57:00.000000,2019-11-29 10:57:30.000000,2019-11-29 11:09:32.108405,2019-11-29 11:09:54.026848,,,,Onsite,8,40,40,0 days 00:00:30.000000000,
11,2019-11-29 12:22:00.000000,2019-11-29 12:22:25.000000,2019-11-29 12:37:09.774864,2019-11-29 12:37:34.774864,2019-11-29 13:07:11.364434,2019-11-29 13:07:36.364434,2019-11-29 13:23:34.741853,Replace,8,40,40,0 days 00:00:25.000000000,909774864000
12,2019-11-29 13:11:00.000000,2019-11-29 13:11:35.000000,2019-11-29 13:28:57.203267,2019-11-29 13:29:32.203267,2019-11-29 14:20:46.107838,2019-11-29 14:21:21.107838,2019-11-29 14:43:02.062443,Replace,8,40,40,0 days 00:00:35.000000000,1077203267000
13,2019-11-29 14:17:00.000000,2019-11-29 14:17:55.000000,2019-11-29 14:37:03.749352,2019-11-29 14:37:16.275394,,,,Onsite,8,40,40,0 days 00:00:55.000000000,
14,2019-11-29 15:16:00.000000,2019-11-29 15:16:35.000000,2019-11-29 15:29:50.751970,2019-11-29 15:30:01.961801,,,,Onsite,8,40,40,0 days 00:00:35.000000000,
15,2019-11-29 16:26:00.000000,2019-11-29 16:26:45.000000,2019-11-29 16:43:31.062997,2019-11-29 16:44:16.062997,2019-11-29 17:14:10.133560,2019-11-29 17:14:55.133560,2019-11-29 17:25:39.034860,Replace,8,40,40,0 days 00:00:45.000000000,1051062997000
16,2019-11-29 17:21:00.000000,2019-11-29 17:21:35.000000,2019-11-29 17:32:52.256184,2019-11-29 17:33:27.256184,2019-11-29 18:04:34.048417,2019-11-29 18:05:09.048417,2019-11-29 18:27:06.415724,Replace,8,40,40,0 days 00:00:35.000000000,712256184000
17,2019-11-29 18:26:00.000000,2019-11-29 18:26:45.000000,2019-11-29 18:39:10.199243,2019-11-29 18:39:23.318163,,,,Onsite,8,40,40,0 days 00:00:45.000000000,
18,2019-11-29 19:37:00.000000,2019-11-29 19:37:45.000000,2019-11-29 19:50:37.167689,2019-11-29 19:51:22.167689,2019-11-29 20:46:39.379186,2019-11-29 20:47:24.379186,2019-11-29 20:59:59.804959,Replace,8,40,40,0 days 00:00:45.000000000,817167689000
19,2019-11-29 20:43:00.000000,2019-11-29 20:43:45.000000,2019-11-29 20:55:37.700842,2019-11-29 20:56:22.700842,2019-11-29 21:26:33.525116,2019-11-29 21:27:18.525116,2019-11-29 21:38:53.177486,Replace,8,40,40,0 days 00:00:45.000000000,757700842000
20,2019-11-29 21:50:00.000000,2019-11-29 21:50:50.000000,2019-11-29 22:02:00.651994,2019-11-29 22:02:11.356893,,,,Onsite,8,40,40,0 days 00:00:50.000000000,
0,2019-11-29 01:24:00.000000,2019-11-29 00:00:45.000000,2019-11-29 00:17:33.796131,2019-11-29 00:18:18.796131,2019-11-29 00:48:46.920632,2019-11-29 00:49:31.920632,2019-11-29 01:06:15.908740,Replace,9,40,40,-1 days +22:36:45.000000000,1053796131000
1,2019-11-29 03:12:00.000000,2019-11-29 03:12:55.000000,2019-11-29 03:23:37.676733,2019-11-29 03:23:44.415951,,,,Onsite,9,40,40,0 days 00:00:55.000000000,
2,2019-11-29 01:01:00.000000,2019-11-29 01:01:45.000000,2019-11-29 01:17:07.931004,2019-11-29 01:17:52.931004,2019-11-29 02:14:19.252105,2019-11-29 02:15:04.252105,2019-11-29 02:25:13.532976,Replace,9,40,40,0 days 00:00:45.000000000,967931004000
3,2019-11-29 02:14:00.000000,2019-11-29 02:14:45.000000,2019-11-29 02:30:44.548328,2019-11-29 02:31:29.548328,2019-11-29 03:17:39.305936,2019-11-29 03:18:24.305936,2019-11-29 03:34:09.204927,Replace,9,40,40,0 days 00:00:45.000000000,1004548328000
4,2019-11-29 04:13:00.000000,2019-11-29 04:13:55.000000,2019-11-29 04:24:30.401109,2019-11-29 04:24:50.364853,,,,Onsite,9,40,40,0 days 00:00:55.000000000,
5,2019-11-29 05:24:00.000000,2019-11-29 05:24:30.000000,2019-11-29 05:39:58.116438,2019-11-29 05:40:15.696105,,,,Onsite,9,40,40,0 days 00:00:30.000000000,
6,2019-11-29 06:23:00.000000,2019-11-29 06:23:30.000000,2019-11-29 06:42:39.937980,2019-11-29 06:43:09.937980,2019-11-29 07:25:55.388725,2019-11-29 07:26:25.388725,2019-11-29 07:43:56.672630,Replace,9,40,40,0 days 00:00:30.000000000,1179937980000
7,2019-11-29 07:28:00.000000,2019-11-29 07:28:45.000000,2019-11-29 07:40:13.698499,2019-11-29 07:40:18.599492,,,,Onsite,9,40,40,0 days 00:00:45.000000000,
8,2019-11-29 08:46:00.000000,2019-11-29 08:46:25.000000,2019-11-29 09:02:20.327101,2019-11-29 09:02:45.327101,2019-11-29 09:48:43.023545,2019-11-29 09:49:08.023545,2019-11-29 10:03:08.964264,Replace,9,40,40,0 days 00:00:25.000000000,980327101000
9,2019-11-29 09:56:00.000000,2019-11-29 09:56:55.000000,2019-11-29 10:15:06.411948,2019-11-29 10:15:25.692044,,,,Onsite,9,40,40,0 days 00:00:55.000000000,
10,2019-11-29 10:58:00.000000,2019-11-29 10:58:50.000000,2019-11-29 11:18:35.022181,2019-11-29 11:18:53.450332,,,,Onsite,9,40,40,0 days 00:00:50.000000000,
11,2019-11-29 12:07:00.000000,2019-11-29 12:07:45.000000,2019-11-29 12:21:47.970918,2019-11-29 12:22:00.681713,,,,Onsite,9,40,40,0 days 00:00:45.000000000,
12,2019-11-29 13:17:00.000000,2019-11-29 13:17:45.000000,2019-11-29 13:32:50.090655,2019-11-29 13:33:35.090655,2019-11-29 13:57:41.873887,2019-11-29 13:58:26.873887,2019-11-29 14:19:54.211287,Replace,9,40,40,0 days 00:00:45.000000000,950090655000
13,2019-11-29 14:11:00.000000,2019-11-29 14:11:25.000000,2019-11-29 14:30:18.847512,2019-11-29 14:30:43.847512,2019-11-29 14:58:36.341968,2019-11-29 14:59:01.341968,2019-11-29 15:18:09.158166,Replace,9,40,40,0 days 00:00:25.000000000,1158847512000
14,2019-11-29 15:14:00.000000,2019-11-29 15:14:25.000000,2019-11-29 15:30:43.425132,2019-11-29 15:30:46.875524,,,,Onsite,9,40,40,0 days 00:00:25.000000000,
15,2019-11-29 16:19:00.000000,2019-11-29 16:19:50.000000,2019-11-29 16:33:57.201109,2019-11-29 16:34:47.201109,2019-11-29 17:16:13.558383,2019-11-29 17:17:03.558383,2019-11-29 17:33:58.644620,Replace,9,40,40,0 days 00:00:50.000000000,897201109000
16,2019-11-29 17:22:00.000000,2019-11-29 17:22:50.000000,2019-11-29 17:40:18.411905,2019-11-29 17:40:28.545984,,,,Onsite,9,40,40,0 days 00:00:50.000000000,
17,2019-11-29 18:19:00.000000,2019-11-29 18:19:55.000000,2019-11-29 18:36:02.170629,2019-11-29 18:36:57.170629,2019-11-29 19:28:13.776480,2019-11-29 19:29:08.776480,2019-11-29 19:41:31.070140,Replace,9,40,40,0 days 00:00:55.000000000,1022170629000
18,2019-11-29 19:30:00.000000,2019-11-29 19:30:30.000000,2019-11-29 19:51:49.891031,2019-11-29 19:52:19.891031,2019-11-29 20:33:38.833504,2019-11-29 20:34:08.833504,2019-11-29 20:54:03.608785,Replace,9,40,40,0 days 00:00:30.000000000,1309891031000
19,2019-11-29 20:35:00.000000,2019-11-29 20:35:55.000000,2019-11-29 20:49:32.412210,2019-11-29 20:50:27.412210,2019-11-29 21:31:36.301862,2019-11-29 21:32:31.301862,2019-11-29 21:49:50.155021,Replace,9,40,40,0 days 00:00:55.000000000,872412210000
20,2019-11-29 21:48:00.000000,2019-11-29 21:48:45.000000,2019-11-29 22:02:05.530782,2019-11-29 22:02:50.530782,2019-11-29 22:36:46.766693,2019-11-29 22:37:31.766693,2019-11-29 22:49:22.259994,Replace,9,40,40,0 days 00:00:45.000000000,845530782000
0,2019-11-29 01:08:00.000000,2019-11-29 00:00:50.000000,2019-11-29 00:17:37.679969,2019-11-29 00:18:27.679969,2019-11-29 00:57:21.847669,2019-11-29 00:58:11.847669,2019-11-29 01:17:17.358696,Replace,1,40,41,-1 days +22:52:50.000000000,1057679969000
1,2019-11-29 01:18:00.000000,2019-11-29 01:18:35.000000,2019-11-29 01:34:34.429079,2019-11-29 01:35:09.429079,2019-11-29 02:16:54.781451,2019-11-29 02:17:29.781451,2019-11-29 02:31:19.213028,Replace,1,40,41,0 days 00:00:35.000000000,994429079000
2,2019-11-29 02:37:00.000000,2019-11-29 02:37:50.000000,2019-11-29 02:50:02.147734,2019-11-29 02:50:52.147734,2019-11-29 03:12:56.451144,2019-11-29 03:13:46.451144,2019-11-29 03:30:26.994512,Replace,1,40,41,0 days 00:00:50.000000000,782147734000
3,2019-11-29 04:02:00.000000,2019-11-29 04:02:35.000000,2019-11-29 04:16:07.623566,2019-11-29 04:16:42.623566,2019-11-29 04:50:53.242252,2019-11-29 04:51:28.242252,2019-11-29 05:05:10.754295,Replace,1,40,41,0 days 00:00:35.000000000,847623566000
4,2019-11-29 05:19:00.000000,2019-11-29 05:19:30.000000,2019-11-29 05:38:51.981702,2019-11-29 05:39:21.981702,2019-11-29 06:18:04.848515,2019-11-29 06:18:34.848515,2019-11-29 06:33:20.457173,Replace,1,40,41,0 days 00:00:30.000000000,1191981702000
5,2019-11-29 06:37:00.000000,2019-11-29 06:37:35.000000,2019-11-29 06:51:44.884336,2019-11-29 06:52:19.884336,2019-11-29 07:20:59.689063,2019-11-29 07:21:34.689063,2019-11-29 07:43:09.251689,Replace,1,40,41,0 days 00:00:35.000000000,884884336000
6,2019-11-29 07:41:00.000000,2019-11-29 07:41:35.000000,2019-11-29 08:02:16.960447,2019-11-29 08:02:29.307613,,,,Onsite,1,40,41,0 days 00:00:35.000000000,
7,2019-11-29 08:35:00.000000,2019-11-29 08:35:25.000000,2019-11-29 08:51:40.026976,2019-11-29 08:52:15.622553,,,,Onsite,1,40,41,0 days 00:00:25.000000000,
8,2019-11-29 09:46:00.000000,2019-11-29 09:46:45.000000,2019-11-29 10:02:26.145343,2019-11-29 10:03:11.145343,2019-11-29 10:37:55.048219,2019-11-29 10:38:40.048219,2019-11-29 10:51:10.360133,Replace,1,40,41,0 days 00:00:45.000000000,986145343000
9,2019-11-29 10:38:00.000000,2019-11-29 10:38:45.000000,2019-11-29 10:55:52.662155,2019-11-29 10:56:37.662155,2019-11-29 11:40:55.790568,2019-11-29 11:41:40.790568,2019-11-29 11:55:37.670861,Replace,1,40,41,0 days 00:00:45.000000000,1072662155000
10,2019-11-29 11:46:00.000000,2019-11-29 11:46:35.000000,2019-11-29 12:04:53.465808,2019-11-29 12:05:28.465808,2019-11-29 12:53:05.456634,2019-11-29 12:53:40.456634,2019-11-29 13:14:26.803922,Replace,1,40,41,0 days 00:00:35.000000000,1133465808000
11,2019-11-29 12:48:00.000000,2019-11-29 12:48:35.000000,2019-11-29 13:03:47.870377,2019-11-29 13:04:08.227283,,,,Onsite,1,40,41,0 days 00:00:35.000000000,
12,2019-11-29 13:58:00.000000,2019-11-29 13:58:50.000000,2019-11-29 14:13:56.162416,2019-11-29 14:14:46.162416,2019-11-29 14:41:07.947746,2019-11-29 14:41:57.947746,2019-11-29 14:56:25.919193,Replace,1,40,41,0 days 00:00:50.000000000,956162416000
13,2019-11-29 15:03:00.000000,2019-11-29 15:03:35.000000,2019-11-29 15:22:10.081256,2019-11-29 15:22:17.669307,,,,Onsite,1,40,41,0 days 00:00:35.000000000,
14,2019-11-29 16:09:00.000000,2019-11-29 16:09:55.000000,2019-11-29 16:24:20.160804,2019-11-29 16:25:15.160804,2019-11-29 17:05:06.019866,2019-11-29 17:06:01.019866,2019-11-29 17:21:05.960312,Replace,1,40,41,0 days 00:00:55.000000000,920160804000
15,2019-11-29 17:13:00.000000,2019-11-29 17:13:25.000000,2019-11-29 17:32:20.214081,2019-11-29 17:32:35.997392,,,,Onsite,1,40,41,0 days 00:00:25.000000000,
16,2019-11-29 18:11:00.000000,2019-11-29 18:11:55.000000,2019-11-29 18:27:43.470104,2019-11-29 18:28:38.470104,2019-11-29 19:01:53.670228,2019-11-29 19:02:48.670228,2019-11-29 19:19:58.516151,Replace,1,40,41,0 days 00:00:55.000000000,1003470104000
17,2019-11-29 19:30:00.000000,2019-11-29 19:30:30.000000,2019-11-29 19:48:32.513302,2019-11-29 19:48:37.529000,,,,Onsite,1,40,41,0 days 00:00:30.000000000,
18,2019-11-29 20:39:00.000000,2019-11-29 20:39:55.000000,2019-11-29 20:54:07.439060,2019-11-29 20:55:02.439060,2019-11-29 21:30:52.324427,2019-11-29 21:31:47.324427,2019-11-29 21:52:45.797543,Replace,1,40,41,0 days 00:00:55.000000000,907439060000
0,2019-11-29 01:10:00.000000,2019-11-29 00:00:45.000000,2019-11-29 00:20:54.088926,2019-11-29 00:21:13.688544,,,,Onsite,2,40,41,-1 days +22:50:45.000000000,
1,2019-11-29 01:12:00.000000,2019-11-29 01:12:35.000000,2019-11-29 01:28:22.967244,2019-11-29 01:28:57.967244,2019-11-29 02:10:02.930831,2019-11-29 02:10:37.930831,2019-11-29 02:27:00.951082,Replace,2,40,41,0 days 00:00:35.000000000,982967244000
2,2019-11-29 02:24:00.000000,2019-11-29 02:24:45.000000,2019-11-29 02:42:22.667813,2019-11-29 02:42:26.929595,,,,Onsite,2,40,41,0 days 00:00:45.000000000,
3,2019-11-29 03:30:00.000000,2019-11-29 03:30:55.000000,2019-11-29 03:48:08.409005,2019-11-29 03:49:03.409005,2019-11-29 04:41:54.063409,2019-11-29 04:42:49.063409,2019-11-29 05:01:40.222160,Replace,2,40,41,0 days 00:00:55.000000000,1088409005000
4,2019-11-29 04:30:00.000000,2019-11-29 04:30:35.000000,2019-11-29 04:45:06.708304,2019-11-29 04:45:41.708304,2019-11-29 05:27:59.985268,2019-11-29 05:28:34.985268,2019-11-29 05:46:44.938176,Replace,2,40,41,0 days 00:00:35.000000000,906708304000
5,2019-11-29 05:37:00.000000,2019-11-29 05:37:35.000000,2019-11-29 05:55:52.841141,2019-11-29 05:56:27.841141,2019-11-29 06:39:33.341980,2019-11-29 06:40:08.341980,2019-11-29 06:52:56.695811,Replace,2,40,41,0 days 00:00:35.000000000,1132841141000
6,2019-11-29 06:53:00.000000,2019-11-29 06:53:45.000000,2019-11-29 07:12:53.795449,2019-11-29 07:13:08.597082,,,,Onsite,2,40,41,0 days 00:00:45.000000000,
7,2019-11-29 08:00:00.000000,2019-11-29 08:00:55.000000,2019-11-29 08:16:22.150575,2019-11-29 08:17:17.150575,2019-11-29 08:50:38.491637,2019-11-29 08:51:33.491637,2019-11-29 09:09:11.310475,Replace,2,40,41,0 days 00:00:55.000000000,982150575000
8,2019-11-29 09:04:00.000000,2019-11-29 09:04:50.000000,2019-11-29 09:16:55.171867,2019-11-29 09:17:08.041840,,,,Onsite,2,40,41,0 days 00:00:50.000000000,
9,2019-11-29 10:17:00.000000,2019-11-29 10:17:25.000000,2019-11-29 10:33:50.996558,2019-11-29 10:34:15.996558,2019-11-29 11:05:11.097190,2019-11-29 11:05:36.097190,2019-11-29 11:20:03.500674,Replace,2,40,41,0 days 00:00:25.000000000,1010996558000
10,2019-11-29 11:18:00.000000,2019-11-29 11:18:55.000000,2019-11-29 11:33:10.139225,2019-11-29 11:34:05.139225,2019-11-29 12:10:51.693505,2019-11-29 12:11:46.693505,2019-11-29 12:24:11.646198,Replace,2,40,41,0 days 00:00:55.000000000,910139225000
11,2019-11-29 12:43:00.000000,2019-11-29 12:43:35.000000,2019-11-29 12:59:35.494887,2019-11-29 13:00:10.494887,2019-11-29 13:38:17.429354,2019-11-29 13:38:52.429354,2019-11-29 13:49:50.410233,Replace,2,40,41,0 days 00:00:35.000000000,995494887000
12,2019-11-29 13:58:00.000000,2019-11-29 13:58:45.000000,2019-11-29 14:18:27.693164,2019-11-29 14:19:12.693164,2019-11-29 15:00:14.734360,2019-11-29 15:00:59.734360,2019-11-29 15:16:28.882122,Replace,2,40,41,0 days 00:00:45.000000000,1227693164000
13,2019-11-29 15:13:00.000000,2019-11-29 15:13:55.000000,2019-11-29 15:30:27.144474,2019-11-29 15:30:35.390043,,,,Onsite,2,40,41,0 days 00:00:55.000000000,
14,2019-11-29 16:20:00.000000,2019-11-29 16:20:35.000000,2019-11-29 16:39:45.755953,2019-11-29 16:40:20.755953,2019-11-29 17:15:37.145541,2019-11-29 17:16:12.145541,2019-11-29 17:29:08.244318,Replace,2,40,41,0 days 00:00:35.000000000,1185755953000
15,2019-11-29 17:37:00.000000,2019-11-29 17:37:50.000000,2019-11-29 17:51:14.941888,2019-11-29 17:51:31.319429,,,,Onsite,2,40,41,0 days 00:00:50.000000000,
16,2019-11-29 18:51:00.000000,2019-11-29 18:51:30.000000,2019-11-29 19:09:48.616825,2019-11-29 19:10:04.877444,,,,Onsite,2,40,41,0 days 00:00:30.000000000,
17,2019-11-29 20:00:00.000000,2019-11-29 20:00:25.000000,2019-11-29 20:15:15.120041,2019-11-29 20:15:23.450516,,,,Onsite,2,40,41,0 days 00:00:25.000000000,
18,2019-11-29 20:56:00.000000,2019-11-29 20:56:30.000000,2019-11-29 21:17:11.397478,2019-11-29 21:17:41.397478,2019-11-29 21:50:40.162881,2019-11-29 21:51:10.162881,2019-11-29 22:11:48.098748,Replace,2,40,41,0 days 00:00:30.000000000,1271397478000
0,2019-11-29 01:08:00.000000,2019-11-29 00:00:35.000000,2019-11-29 00:18:05.391855,2019-11-29 00:18:40.391855,2019-11-29 01:15:31.573792,2019-11-29 01:16:06.573792,2019-11-29 01:28:06.438431,Replace,3,40,41,-1 days +22:52:35.000000000,1085391855000
1,2019-11-29 01:17:00.000000,2019-11-29 01:17:50.000000,2019-11-29 01:31:52.846785,2019-11-29 01:32:42.846785,2019-11-29 02:11:00.883461,2019-11-29 02:11:50.883461,2019-11-29 02:33:26.127727,Replace,3,40,41,0 days 00:00:50.000000000,892846785000
2,2019-11-29 02:26:00.000000,2019-11-29 02:26:30.000000,2019-11-29 02:37:44.708863,2019-11-29 02:37:57.638984,,,,Onsite,3,40,41,0 days 00:00:30.000000000,
3,2019-11-29 03:23:00.000000,2019-11-29 03:23:35.000000,2019-11-29 03:39:38.446614,2019-11-29 03:40:13.446614,2019-11-29 04:20:44.660776,2019-11-29 04:21:19.660776,2019-11-29 04:32:58.044407,Replace,3,40,41,0 days 00:00:35.000000000,998446614000
4,2019-11-29 04:30:00.000000,2019-11-29 04:30:30.000000,2019-11-29 04:51:06.207720,2019-11-29 04:51:20.601378,,,,Onsite,3,40,41,0 days 00:00:30.000000000,
5,2019-11-29 05:42:00.000000,2019-11-29 05:42:30.000000,2019-11-29 05:59:06.600231,2019-11-29 05:59:16.384259,,,,Onsite,3,40,41,0 days 00:00:30.000000000,
6,2019-11-29 07:37:00.000000,2019-11-29 07:37:35.000000,2019-11-29 07:51:55.905956,2019-11-29 07:52:30.905956,2019-11-29 08:22:12.473363,2019-11-29 08:22:47.473363,2019-11-29 08:35:15.266897,Replace,3,40,41,0 days 00:00:35.000000000,895905956000
7,2019-11-29 06:35:00.000000,2019-11-29 06:35:25.000000,2019-11-29 06:48:46.006125,2019-11-29 06:49:11.006125,2019-11-29 07:37:01.749865,2019-11-29 07:37:26.749865,2019-11-29 07:57:35.381000,Replace,3,40,41,0 days 00:00:25.000000000,826006125000
8,2019-11-29 08:48:00.000000,2019-11-29 08:48:35.000000,2019-11-29 09:09:37.725118,2019-11-29 09:10:13.962611,,,,Onsite,3,40,41,0 days 00:00:35.000000000,
9,2019-11-29 09:53:00.000000,2019-11-29 09:53:35.000000,2019-11-29 10:11:33.747889,2019-11-29 10:12:08.747889,2019-11-29 10:45:08.101059,2019-11-29 10:45:43.101059,2019-11-29 10:58:48.588986,Replace,3,40,41,0 days 00:00:35.000000000,1113747889000
10,2019-11-29 10:56:00.000000,2019-11-29 10:56:30.000000,2019-11-29 11:15:43.375197,2019-11-29 11:15:46.930579,,,,Onsite,3,40,41,0 days 00:00:30.000000000,
11,2019-11-29 12:16:00.000000,2019-11-29 12:16:55.000000,2019-11-29 12:33:13.150150,2019-11-29 12:33:38.650832,,,,Onsite,3,40,41,0 days 00:00:55.000000000,
12,2019-11-29 13:33:00.000000,2019-11-29 13:33:30.000000,2019-11-29 13:45:48.073413,2019-11-29 13:46:18.073413,2019-11-29 14:16:27.138102,2019-11-29 14:16:57.138102,2019-11-29 14:30:04.462194,Replace,3,40,41,0 days 00:00:30.000000000,768073413000
13,2019-11-29 15:55:00.000000,2019-11-29 15:55:45.000000,2019-11-29 16:12:44.670292,2019-11-29 16:12:54.532478,,,,Onsite,3,40,41,0 days 00:00:45.000000000,
14,2019-11-29 14:38:00.000000,2019-11-29 14:38:45.000000,2019-11-29 14:53:31.721611,2019-11-29 14:54:16.721611,2019-11-29 15:34:08.714140,2019-11-29 15:34:53.714140,2019-11-29 15:55:20.440965,Replace,3,40,41,0 days 00:00:45.000000000,931721611000
15,2019-11-29 17:16:00.000000,2019-11-29 17:16:30.000000,2019-11-29 17:35:52.546555,2019-11-29 17:36:22.546555,2019-11-29 18:15:43.403081,2019-11-29 18:16:13.403081,2019-11-29 18:35:45.429916,Replace,3,40,41,0 days 00:00:30.000000000,1192546555000
16,2019-11-29 18:28:00.000000,2019-11-29 18:28:45.000000,2019-11-29 18:47:59.881141,2019-11-29 18:48:44.881141,2019-11-29 19:17:23.140676,2019-11-29 19:18:08.140676,2019-11-29 19:36:43.169433,Replace,3,40,41,0 days 00:00:45.000000000,1199881141000
17,2019-11-29 19:42:00.000000,2019-11-29 19:42:35.000000,2019-11-29 19:57:58.557472,2019-11-29 19:58:33.557472,2019-11-29 20:35:28.579337,2019-11-29 20:36:03.579337,2019-11-29 20:53:19.195671,Replace,3,40,41,0 days 00:00:35.000000000,958557472000
18,2019-11-29 21:04:00.000000,2019-11-29 21:04:30.000000,2019-11-29 21:13:10.667620,2019-11-29 21:13:40.667620,2019-11-29 21:42:26.483601,2019-11-29 21:42:56.483601,2019-11-29 21:57:43.382866,Replace,3,40,41,0 days 00:00:30.000000000,550667620000
19,2019-11-29 22:33:00.000000,2019-11-29 22:33:35.000000,2019-11-29 22:51:58.147904,2019-11-29 22:52:10.123360,,,,Onsite,3,40,41,0 days 00:00:35.000000000,
0,2019-11-29 01:04:00.000000,2019-11-29 00:00:50.000000,2019-11-29 00:17:08.117909,2019-11-29 00:17:23.384614,,,,Onsite,4,40,41,-1 days +22:56:50.000000000,
1,2019-11-29 01:04:00.000000,2019-11-29 01:04:35.000000,2019-11-29 01:19:48.769365,2019-11-29 01:20:23.769365,2019-11-29 01:56:38.049015,2019-11-29 01:57:13.049015,2019-11-29 02:10:35.710023,Replace,4,40,41,0 days 00:00:35.000000000,948769365000
2,2019-11-29 02:08:00.000000,2019-11-29 02:08:35.000000,2019-11-29 02:24:39.505837,2019-11-29 02:25:04.417225,,,,Onsite,4,40,41,0 days 00:00:35.000000000,
3,2019-11-29 02:59:00.000000,2019-11-29 02:59:55.000000,2019-11-29 03:16:28.179813,2019-11-29 03:17:23.179813,2019-11-29 03:44:29.377805,2019-11-29 03:45:24.377805,2019-11-29 04:02:49.092759,Replace,4,40,41,0 days 00:00:55.000000000,1048179813000
4,2019-11-29 04:00:00.000000,2019-11-29 04:00:45.000000,2019-11-29 04:19:29.720392,2019-11-29 04:20:14.720392,2019-11-29 04:44:39.526672,2019-11-29 04:45:24.526672,2019-11-29 04:57:46.104868,Replace,4,40,41,0 days 00:00:45.000000000,1169720392000
5,2019-11-29 04:58:00.000000,2019-11-29 04:58:50.000000,2019-11-29 05:12:47.625217,2019-11-29 05:13:07.757797,,,,Onsite,4,40,41,0 days 00:00:50.000000000,
6,2019-11-29 05:59:00.000000,2019-11-29 05:59:35.000000,2019-11-29 06:23:38.983972,2019-11-29 06:23:57.175505,,,,Onsite,4,40,41,0 days 00:00:35.000000000,
7,2019-11-29 07:01:00.000000,2019-11-29 07:01:30.000000,2019-11-29 07:21:21.520487,2019-11-29 07:21:51.520487,2019-11-29 07:55:22.825703,2019-11-29 07:55:52.825703,2019-11-29 08:13:12.854908,Replace,4,40,41,0 days 00:00:30.000000000,1221520487000
8,2019-11-29 08:14:00.000000,2019-11-29 08:14:55.000000,2019-11-29 08:32:03.904787,2019-11-29 08:32:24.818071,,,,Onsite,4,40,41,0 days 00:00:55.000000000,
9,2019-11-29 09:34:00.000000,2019-11-29 09:34:55.000000,2019-11-29 09:51:08.811217,2019-11-29 09:52:03.811217,2019-11-29 10:30:47.780495,2019-11-29 10:31:42.780495,2019-11-29 10:50:13.671966,Replace,4,40,41,0 days 00:00:55.000000000,1028811217000
10,2019-11-29 10:55:00.000000,2019-11-29 10:55:25.000000,2019-11-29 11:07:01.767214,2019-11-29 11:07:23.628960,,,,Onsite,4,40,41,0 days 00:00:25.000000000,
11,2019-11-29 12:05:00.000000,2019-11-29 12:05:45.000000,2019-11-29 12:21:17.494011,2019-11-29 12:22:02.494011,2019-11-29 12:54:52.911301,2019-11-29 12:55:37.911301,2019-11-29 13:07:08.049615,Replace,4,40,41,0 days 00:00:45.000000000,977494011000
12,2019-11-29 13:04:00.000000,2019-11-29 13:04:45.000000,2019-11-29 13:25:44.948481,2019-11-29 13:26:13.711782,,,,Onsite,4,40,41,0 days 00:00:45.000000000,
13,2019-11-29 14:32:00.000000,2019-11-29 14:32:30.000000,2019-11-29 14:48:59.132183,2019-11-29 14:49:29.132183,2019-11-29 15:23:33.280045,2019-11-29 15:24:03.280045,2019-11-29 15:39:53.107573,Replace,4,40,41,0 days 00:00:30.000000000,1019132183000
14,2019-11-29 15:56:00.000000,2019-11-29 15:56:35.000000,2019-11-29 16:16:05.833264,2019-11-29 16:16:20.088141,,,,Onsite,4,40,41,0 days 00:00:35.000000000,
15,2019-11-29 17:05:00.000000,2019-11-29 17:05:45.000000,2019-11-29 17:19:38.702668,2019-11-29 17:19:57.151527,,,,Onsite,4,40,41,0 days 00:00:45.000000000,
16,2019-11-29 18:26:00.000000,2019-11-29 18:26:45.000000,2019-11-29 18:41:42.987683,2019-11-29 18:42:02.529079,,,,Onsite,4,40,41,0 days 00:00:45.000000000,
17,2019-11-29 19:31:00.000000,2019-11-29 19:31:50.000000,2019-11-29 19:44:01.341353,2019-11-29 19:44:51.341353,2019-11-29 20:11:47.120429,2019-11-29 20:12:37.120429,2019-11-29 20:29:00.064935,Replace,4,40,41,0 days 00:00:50.000000000,781341353000
18,2019-11-29 20:39:00.000000,2019-11-29 20:39:45.000000,2019-11-29 20:56:39.470981,2019-11-29 20:56:53.672946,,,,Onsite,4,40,41,0 days 00:00:45.000000000,
19,2019-11-29 21:46:00.000000,2019-11-29 21:46:30.000000,2019-11-29 22:01:31.906478,2019-11-29 22:01:50.295944,,,,Onsite,4,40,41,0 days 00:00:30.000000000,
0,2019-11-29 00:56:00.000000,2019-11-29 00:00:30.000000,2019-11-29 00:14:38.330494,2019-11-29 00:14:49.842280,,,,Onsite,5,40,41,-1 days +23:04:30.000000000,
1,2019-11-29 01:07:00.000000,2019-11-29 01:07:35.000000,2019-11-29 01:24:19.432096,2019-11-29 01:24:54.432096,2019-11-29 01:50:28.557786,2019-11-29 01:51:03.557786,2019-11-29 02:07:25.374925,Replace,5,40,41,0 days 00:00:35.000000000,1039432096000
2,2019-11-29 02:22:00.000000,2019-11-29 02:22:55.000000,2019-11-29 02:38:56.723714,2019-11-29 02:39:34.844087,,,,Onsite,5,40,41,0 days 00:00:55.000000000,
3,2019-11-29 03:22:00.000000,2019-11-29 03:22:55.000000,2019-11-29 03:36:26.439682,2019-11-29 03:36:54.083868,,,,Onsite,5,40,41,0 days 00:00:55.000000000,
4,2019-11-29 04:26:00.000000,2019-11-29 04:26:45.000000,2019-11-29 04:41:28.670957,2019-11-29 04:41:41.610624,,,,Onsite,5,40,41,0 days 00:00:45.000000000,
5,2019-11-29 05:21:00.000000,2019-11-29 05:21:45.000000,2019-11-29 05:39:39.328009,2019-11-29 05:39:52.615223,,,,Onsite,5,40,41,0 days 00:00:45.000000000,
6,2019-11-29 06:39:00.000000,2019-11-29 06:39:45.000000,2019-11-29 06:56:06.757074,2019-11-29 06:56:14.193487,,,,Onsite,5,40,41,0 days 00:00:45.000000000,
7,2019-11-29 07:51:00.000000,2019-11-29 07:51:50.000000,2019-11-29 08:09:39.508708,2019-11-29 08:09:49.693021,,,,Onsite,5,40,41,0 days 00:00:50.000000000,
8,2019-11-29 08:59:00.000000,2019-11-29 08:59:45.000000,2019-11-29 09:14:48.254161,2019-11-29 09:15:04.112686,,,,Onsite,5,40,41,0 days 00:00:45.000000000,
9,2019-11-29 10:09:00.000000,2019-11-29 10:09:45.000000,2019-11-29 10:23:35.735806,2019-11-29 10:23:49.019650,,,,Onsite,5,40,41,0 days 00:00:45.000000000,
10,2019-11-29 11:32:00.000000,2019-11-29 11:32:25.000000,2019-11-29 11:43:55.211651,2019-11-29 11:44:04.983639,,,,Onsite,5,40,41,0 days 00:00:25.000000000,
11,2019-11-29 12:55:00.000000,2019-11-29 12:55:35.000000,2019-11-29 13:06:56.018634,2019-11-29 13:07:05.074668,,,,Onsite,5,40,41,0 days 00:00:35.000000000,
12,2019-11-29 14:07:00.000000,2019-11-29 14:07:25.000000,2019-11-29 14:23:50.311139,2019-11-29 14:24:15.311139,2019-11-29 14:56:44.813853,2019-11-29 14:57:09.813853,2019-11-29 15:16:57.990056,Replace,5,40,41,0 days 00:00:25.000000000,1010311139000
13,2019-11-29 14:58:00.000000,2019-11-29 14:58:30.000000,2019-11-29 15:14:56.299542,2019-11-29 15:15:23.598590,,,,Onsite,5,40,41,0 days 00:00:30.000000000,
14,2019-11-29 16:31:00.000000,2019-11-29 16:31:30.000000,2019-11-29 16:51:36.132240,2019-11-29 16:52:06.132240,2019-11-29 17:26:47.852772,2019-11-29 17:27:17.852772,2019-11-29 17:42:55.039901,Replace,5,40,41,0 days 00:00:30.000000000,1236132240000
15,2019-11-29 17:46:00.000000,2019-11-29 17:46:35.000000,2019-11-29 18:01:35.624800,2019-11-29 18:02:10.624800,2019-11-29 18:25:37.040843,2019-11-29 18:26:12.040843,2019-11-29 18:41:25.372403,Replace,5,40,41,0 days 00:00:35.000000000,935624800000
16,2019-11-29 19:04:00.000000,2019-11-29 19:04:45.000000,2019-11-29 19:18:44.997324,2019-11-29 19:19:29.997324,2019-11-29 20:05:33.418284,2019-11-29 20:06:18.418284,2019-11-29 20:20:07.272108,Replace,5,40,41,0 days 00:00:45.000000000,884997324000
17,2019-11-29 20:07:00.000000,2019-11-29 20:07:50.000000,2019-11-29 20:23:54.371287,2019-11-29 20:24:10.916055,,,,Onsite,5,40,41,0 days 00:00:50.000000000,
18,2019-11-29 21:18:00.000000,2019-11-29 21:18:35.000000,2019-11-29 21:38:12.004534,2019-11-29 21:38:15.970953,,,,Onsite,5,40,41,0 days 00:00:35.000000000,
0,2019-11-29 01:27:00.000000,2019-11-29 00:00:55.000000,2019-11-29 00:18:48.099872,2019-11-29 00:19:43.099872,2019-11-29 01:04:50.361195,2019-11-29 01:05:45.361195,2019-11-29 01:18:38.220891,Replace,6,40,41,-1 days +22:33:55.000000000,1128099872000
1,2019-11-29 01:07:00.000000,2019-11-29 01:07:45.000000,2019-11-29 01:24:12.695757,2019-11-29 01:24:57.695757,2019-11-29 01:56:57.804598,2019-11-29 01:57:42.804598,2019-11-29 02:16:28.305175,Replace,6,40,41,0 days 00:00:45.000000000,1032695757000
2,2019-11-29 02:01:00.000000,2019-11-29 02:01:45.000000,2019-11-29 02:19:19.409245,2019-11-29 02:19:38.814805,,,,Onsite,6,40,41,0 days 00:00:45.000000000,
3,2019-11-29 03:27:00.000000,2019-11-29 03:27:25.000000,2019-11-29 03:39:13.507949,2019-11-29 03:39:32.706496,,,,Onsite,6,40,41,0 days 00:00:25.000000000,
4,2019-11-29 04:39:00.000000,2019-11-29 04:39:50.000000,2019-11-29 04:56:30.652907,2019-11-29 04:57:20.652907,2019-11-29 05:38:29.781848,2019-11-29 05:39:19.781848,2019-11-29 05:51:44.465665,Replace,6,40,41,0 days 00:00:50.000000000,1050652907000
5,2019-11-29 05:56:00.000000,2019-11-29 05:56:35.000000,2019-11-29 06:12:51.699140,2019-11-29 06:12:57.962980,,,,Onsite,6,40,41,0 days 00:00:35.000000000,
6,2019-11-29 07:05:00.000000,2019-11-29 07:05:35.000000,2019-11-29 07:20:55.927826,2019-11-29 07:21:30.927826,2019-11-29 07:55:37.705847,2019-11-29 07:56:12.705847,2019-11-29 08:07:28.942725,Replace,6,40,41,0 days 00:00:35.000000000,955927826000
7,2019-11-29 08:04:00.000000,2019-11-29 08:04:25.000000,2019-11-29 08:20:12.924687,2019-11-29 08:20:33.781000,,,,Onsite,6,40,41,0 days 00:00:25.000000000,
8,2019-11-29 09:10:00.000000,2019-11-29 09:10:45.000000,2019-11-29 09:28:23.451578,2019-11-29 09:29:08.451578,2019-11-29 10:13:32.495216,2019-11-29 10:14:17.495216,2019-11-29 10:30:17.171234,Replace,6,40,41,0 days 00:00:45.000000000,1103451578000
9,2019-11-29 10:21:00.000000,2019-11-29 10:21:50.000000,2019-11-29 10:38:46.500149,2019-11-29 10:39:36.500149,2019-11-29 11:17:52.384389,2019-11-29 11:18:42.384389,2019-11-29 11:37:38.029311,Replace,6,40,41,0 days 00:00:50.000000000,1066500149000
10,2019-11-29 11:23:00.000000,2019-11-29 11:23:45.000000,2019-11-29 11:39:02.481888,2019-11-29 11:39:20.626227,,,,Onsite,6,40,41,0 days 00:00:45.000000000,
11,2019-11-29 12:27:00.000000,2019-11-29 12:27:45.000000,2019-11-29 12:39:11.934014,2019-11-29 12:39:56.934014,2019-11-29 13:07:59.404051,2019-11-29 13:08:44.404051,2019-11-29 13:24:56.971089,Replace,6,40,41,0 days 00:00:45.000000000,731934014000
12,2019-11-29 13:33:00.000000,2019-11-29 13:33:45.000000,2019-11-29 13:50:40.840364,2019-11-29 13:51:23.470142,,,,Onsite,6,40,41,0 days 00:00:45.000000000,
13,2019-11-29 14:26:00.000000,2019-11-29 14:26:55.000000,2019-11-29 14:50:06.460487,2019-11-29 14:51:01.460487,2019-11-29 15:28:38.962439,2019-11-29 15:29:33.962439,2019-11-29 15:47:53.845718,Replace,6,40,41,0 days 00:00:55.000000000,1446460487000
14,2019-11-29 15:26:00.000000,2019-11-29 15:26:35.000000,2019-11-29 15:45:45.573273,2019-11-29 15:46:20.573273,2019-11-29 16:21:48.842241,2019-11-29 16:22:23.842241,2019-11-29 16:45:16.051676,Replace,6,40,41,0 days 00:00:35.000000000,1185573273000
15,2019-11-29 16:20:00.000000,2019-11-29 16:20:35.000000,2019-11-29 16:40:45.303122,2019-11-29 16:41:20.303122,2019-11-29 17:19:02.557369,2019-11-29 17:19:37.557369,2019-11-29 17:37:26.528629,Replace,6,40,41,0 days 00:00:35.000000000,1245303122000
16,2019-11-29 17:32:00.000000,2019-11-29 17:32:50.000000,2019-11-29 17:49:04.426242,2019-11-29 17:49:54.426242,2019-11-29 18:14:31.532376,2019-11-29 18:15:21.532376,2019-11-29 18:33:55.095061,Replace,6,40,41,0 days 00:00:50.000000000,1024426242000
17,2019-11-29 18:27:00.000000,2019-11-29 18:27:30.000000,2019-11-29 18:47:37.689002,2019-11-29 18:47:48.196830,,,,Onsite,6,40,41,0 days 00:00:30.000000000,
18,2019-11-29 19:41:00.000000,2019-11-29 19:41:35.000000,2019-11-29 20:00:43.218033,2019-11-29 20:01:00.416814,,,,Onsite,6,40,41,0 days 00:00:35.000000000,
19,2019-11-29 20:40:00.000000,2019-11-29 20:40:55.000000,2019-11-29 20:46:46.445586,2019-11-29 20:47:41.445586,2019-11-29 21:14:43.219212,2019-11-29 21:15:38.219212,2019-11-29 21:34:38.822750,Replace,6,40,41,0 days 00:00:55.000000000,406445586000
20,2019-11-29 21:51:00.000000,2019-11-29 21:51:35.000000,2019-11-29 22:11:00.957729,2019-11-29 22:11:12.694387,,,,Onsite,6,40,41,0 days 00:00:35.000000000,
0,2019-11-29 01:04:00.000000,2019-11-29 00:00:55.000000,2019-11-29 00:19:59.702707,2019-11-29 00:20:09.049494,,,,Onsite,7,40,41,-1 days +22:56:55.000000000,
1,2019-11-29 01:21:00.000000,2019-11-29 01:21:50.000000,2019-11-29 01:38:36.226041,2019-11-29 01:39:26.226041,2019-11-29 02:36:14.390455,2019-11-29 02:37:04.390455,2019-11-29 02:56:46.124563,Replace,7,40,41,0 days 00:00:50.000000000,1056226041000
2,2019-11-29 02:28:00.000000,2019-11-29 02:28:50.000000,2019-11-29 02:48:02.088397,2019-11-29 02:48:52.088397,2019-11-29 03:27:24.689389,2019-11-29 03:28:14.689389,2019-11-29 03:49:05.609328,Replace,7,40,41,0 days 00:00:50.000000000,1202088397000
3,2019-11-29 03:48:00.000000,2019-11-29 03:48:35.000000,2019-11-29 04:01:59.396470,2019-11-29 04:02:34.396470,2019-11-29 04:29:59.573631,2019-11-29 04:30:34.573631,2019-11-29 04:45:44.612700,Replace,7,40,41,0 days 00:00:35.000000000,839396470000
4,2019-11-29 04:50:00.000000,2019-11-29 04:50:45.000000,2019-11-29 05:10:34.378978,2019-11-29 05:11:19.378978,2019-11-29 05:58:07.213504,2019-11-29 05:58:52.213504,2019-11-29 06:13:47.589088,Replace,7,40,41,0 days 00:00:45.000000000,1234378978000
5,2019-11-29 05:53:00.000000,2019-11-29 05:53:50.000000,2019-11-29 06:11:54.275897,2019-11-29 06:12:44.275897,2019-11-29 06:57:39.517717,2019-11-29 06:58:29.517717,2019-11-29 07:16:50.301008,Replace,7,40,41,0 days 00:00:50.000000000,1134275897000
6,2019-11-29 07:08:00.000000,2019-11-29 07:08:45.000000,2019-11-29 07:28:04.308634,2019-11-29 07:28:21.264784,,,,Onsite,7,40,41,0 days 00:00:45.000000000,
7,2019-11-29 08:24:00.000000,2019-11-29 08:24:35.000000,2019-11-29 08:40:50.082332,2019-11-29 08:40:59.001195,,,,Onsite,7,40,41,0 days 00:00:35.000000000,
8,2019-11-29 09:32:00.000000,2019-11-29 09:32:50.000000,2019-11-29 09:45:24.470083,2019-11-29 09:46:14.470083,2019-11-29 10:19:38.105382,2019-11-29 10:20:28.105382,2019-11-29 10:36:26.174415,Replace,7,40,41,0 days 00:00:50.000000000,804470083000
9,2019-11-29 10:54:00.000000,2019-11-29 10:54:35.000000,2019-11-29 11:08:05.647605,2019-11-29 11:08:20.531188,,,,Onsite,7,40,41,0 days 00:00:35.000000000,
10,2019-11-29 12:18:00.000000,2019-11-29 12:18:45.000000,2019-11-29 12:34:47.379369,2019-11-29 12:34:59.472074,,,,Onsite,7,40,41,0 days 00:00:45.000000000,
11,2019-11-29 13:44:00.000000,2019-11-29 13:44:35.000000,2019-11-29 14:03:21.757241,2019-11-29 14:03:56.757241,2019-11-29 14:41:42.455930,2019-11-29 14:42:17.455930,2019-11-29 14:55:48.150917,Replace,7,40,41,0 days 00:00:35.000000000,1161757241000
12,2019-11-29 14:49:00.000000,2019-11-29 14:49:35.000000,2019-11-29 15:05:54.669945,2019-11-29 15:06:08.937610,,,,Onsite,7,40,41,0 days 00:00:35.000000000,
13,2019-11-29 16:00:00.000000,2019-11-29 16:00:45.000000,2019-11-29 16:21:19.888293,2019-11-29 16:21:25.047532,,,,Onsite,7,40,41,0 days 00:00:45.000000000,
14,2019-11-29 17:11:00.000000,2019-11-29 17:11:35.000000,2019-11-29 17:22:26.793931,2019-11-29 17:23:01.793931,2019-11-29 17:59:15.823367,2019-11-29 17:59:50.823367,2019-11-29 18:20:33.078250,Replace,7,40,41,0 days 00:00:35.000000000,686793931000
15,2019-11-29 18:21:00.000000,2019-11-29 18:21:55.000000,2019-11-29 18:36:28.299580,2019-11-29 18:37:23.299580,2019-11-29 19:12:20.451746,2019-11-29 19:13:15.451746,2019-11-29 19:30:13.051315,Replace,7,40,41,0 days 00:00:55.000000000,928299580000
16,2019-11-29 19:36:00.000000,2019-11-29 19:36:30.000000,2019-11-29 19:52:08.346713,2019-11-29 19:52:38.346713,2019-11-29 20:36:58.881802,2019-11-29 20:37:28.881802,2019-11-29 20:52:34.896493,Replace,7,40,41,0 days 00:00:30.000000000,968346713000
17,2019-11-29 20:41:00.000000,2019-11-29 20:41:45.000000,2019-11-29 20:59:32.870326,2019-11-29 21:00:17.870326,2019-11-29 21:22:56.886323,2019-11-29 21:23:41.886323,2019-11-29 21:43:43.689525,Replace,7,40,41,0 days 00:00:45.000000000,1112870326000
18,2019-11-29 21:42:00.000000,2019-11-29 21:42:30.000000,2019-11-29 21:57:34.404367,2019-11-29 21:58:04.404367,2019-11-29 22:42:13.640381,2019-11-29 22:42:43.640381,2019-11-29 22:55:26.128573,Replace,7,40,41,0 days 00:00:30.000000000,934404367000
0,2019-11-29 00:59:00.000000,2019-11-29 00:00:45.000000,2019-11-29 00:15:46.411742,2019-11-29 00:16:31.411742,2019-11-29 00:52:55.874037,2019-11-29 00:53:40.874037,2019-11-29 01:14:58.484004,Replace,8,40,41,-1 days +23:01:45.000000000,946411742000
1,2019-11-29 00:56:00.000000,2019-11-29 00:56:25.000000,2019-11-29 01:09:51.448456,2019-11-29 01:10:16.448456,2019-11-29 01:33:43.222820,2019-11-29 01:34:08.222820,2019-11-29 01:50:09.227729,Replace,8,40,41,0 days 00:00:25.000000000,831448456000
2,2019-11-29 02:04:00.000000,2019-11-29 02:04:45.000000,2019-11-29 02:21:07.173161,2019-11-29 02:21:52.173161,2019-11-29 03:09:20.688360,2019-11-29 03:10:05.688360,2019-11-29 03:26:20.162140,Replace,8,40,41,0 days 00:00:45.000000000,1027173161000
3,2019-11-29 03:13:00.000000,2019-11-29 03:13:35.000000,2019-11-29 03:31:53.354233,2019-11-29 03:32:28.354233,2019-11-29 04:02:44.269577,2019-11-29 04:03:19.269577,2019-11-29 04:16:52.407899,Replace,8,40,41,0 days 00:00:35.000000000,1133354233000
4,2019-11-29 04:22:00.000000,2019-11-29 04:22:25.000000,2019-11-29 04:40:28.210572,2019-11-29 04:40:53.210572,2019-11-29 05:06:57.406062,2019-11-29 05:07:22.406062,2019-11-29 05:28:27.045481,Replace,8,40,41,0 days 00:00:25.000000000,1108210572000
5,2019-11-29 05:29:00.000000,2019-11-29 05:29:35.000000,2019-11-29 05:49:22.675143,2019-11-29 05:49:57.675143,2019-11-29 06:35:21.983030,2019-11-29 06:35:56.983030,2019-11-29 06:53:46.132700,Replace,8,40,41,0 days 00:00:35.000000000,1222675143000
6,2019-11-29 06:24:00.000000,2019-11-29 06:24:55.000000,2019-11-29 06:41:39.572235,2019-11-29 06:41:46.187242,,,,Onsite,8,40,41,0 days 00:00:55.000000000,
7,2019-11-29 07:28:00.000000,2019-11-29 07:28:35.000000,2019-11-29 07:39:44.665653,2019-11-29 07:40:19.665653,2019-11-29 08:11:47.784578,2019-11-29 08:12:22.784578,2019-11-29 08:31:33.119870,Replace,8,40,41,0 days 00:00:35.000000000,704665653000
8,2019-11-29 08:59:00.000000,2019-11-29 08:59:45.000000,2019-11-29 09:15:27.392642,2019-11-29 09:15:39.826931,,,,Onsite,8,40,41,0 days 00:00:45.000000000,
9,2019-11-29 10:13:00.000000,2019-11-29 10:13:55.000000,2019-11-29 10:32:05.942673,2019-11-29 10:33:00.942673,2019-11-29 11:10:18.926616,2019-11-29 11:11:13.926616,2019-11-29 11:22:40.704479,Replace,8,40,41,0 days 00:00:55.000000000,1145942673000
10,2019-11-29 11:28:00.000000,2019-11-29 11:28:50.000000,2019-11-29 11:40:40.506388,2019-11-29 11:41:30.506388,2019-11-29 12:08:56.925468,2019-11-29 12:09:46.925468,2019-11-29 12:25:23.438114,Replace,8,40,41,0 days 00:00:50.000000000,760506388000
11,2019-11-29 12:28:00.000000,2019-11-29 12:28:25.000000,2019-11-29 12:46:18.722046,2019-11-29 12:46:43.722046,2019-11-29 13:34:00.432864,2019-11-29 13:34:25.432864,2019-11-29 13:48:02.036592,Replace,8,40,41,0 days 00:00:25.000000000,1098722046000
12,2019-11-29 13:37:00.000000,2019-11-29 13:37:50.000000,2019-11-29 13:54:16.972488,2019-11-29 13:55:06.972488,2019-11-29 14:25:56.015365,2019-11-29 14:26:46.015365,2019-11-29 14:44:57.116084,Replace,8,40,41,0 days 00:00:50.000000000,1036972488000
13,2019-11-29 14:48:00.000000,2019-11-29 14:48:55.000000,2019-11-29 15:06:27.361638,2019-11-29 15:07:22.361638,2019-11-29 15:46:58.921571,2019-11-29 15:47:53.921571,2019-11-29 16:06:46.187012,Replace,8,40,41,0 days 00:00:55.000000000,1107361638000
14,2019-11-29 15:59:00.000000,2019-11-29 15:59:50.000000,2019-11-29 16:16:35.429213,2019-11-29 16:17:25.429213,2019-11-29 16:49:42.788998,2019-11-29 16:50:32.788998,2019-11-29 17:01:47.789958,Replace,8,40,41,0 days 00:00:50.000000000,1055429213000
15,2019-11-29 17:12:00.000000,2019-11-29 17:12:45.000000,2019-11-29 17:26:29.842531,2019-11-29 17:26:39.111923,,,,Onsite,8,40,41,0 days 00:00:45.000000000,
16,2019-11-29 18:28:00.000000,2019-11-29 18:28:50.000000,2019-11-29 18:44:42.383491,2019-11-29 18:45:32.383491,2019-11-29 19:39:37.624783,2019-11-29 19:40:27.624783,2019-11-29 19:55:44.144080,Replace,8,40,41,0 days 00:00:50.000000000,1002383491000
17,2019-11-29 19:24:00.000000,2019-11-29 19:24:45.000000,2019-11-29 19:39:38.670275,2019-11-29 19:40:23.670275,2019-11-29 20:18:13.790006,2019-11-29 20:18:58.790006,2019-11-29 20:34:27.777274,Replace,8,40,41,0 days 00:00:45.000000000,938670275000
18,2019-11-29 20:21:00.000000,2019-11-29 20:21:45.000000,2019-11-29 20:39:55.115195,2019-11-29 20:40:40.115195,2019-11-29 21:11:17.813285,2019-11-29 21:12:02.813285,2019-11-29 21:31:43.186619,Replace,8,40,41,0 days 00:00:45.000000000,1135115195000
19,2019-11-29 21:24:00.000000,2019-11-29 21:24:45.000000,2019-11-29 21:38:45.083729,2019-11-29 21:39:30.083729,2019-11-29 22:23:16.781833,2019-11-29 22:24:01.781833,2019-11-29 22:37:36.649017,Replace,8,40,41,0 days 00:00:45.000000000,885083729000
0,2019-11-29 01:14:00.000000,2019-11-29 00:00:25.000000,2019-11-29 00:16:31.781985,2019-11-29 00:16:56.781985,2019-11-29 01:07:04.423845,2019-11-29 01:07:29.423845,2019-11-29 01:26:20.236066,Replace,9,40,41,-1 days +22:46:25.000000000,991781985000
1,2019-11-29 01:10:00.000000,2019-11-29 01:10:55.000000,2019-11-29 01:24:52.336605,2019-11-29 01:25:47.336605,2019-11-29 01:53:56.961279,2019-11-29 01:54:51.961279,2019-11-29 02:14:49.699412,Replace,9,40,41,0 days 00:00:55.000000000,892336605000
2,2019-11-29 02:07:00.000000,2019-11-29 02:07:50.000000,2019-11-29 02:28:19.911174,2019-11-29 02:28:24.543158,,,,Onsite,9,40,41,0 days 00:00:50.000000000,
3,2019-11-29 03:09:00.000000,2019-11-29 03:09:25.000000,2019-11-29 03:27:41.966193,2019-11-29 03:28:06.966193,2019-11-29 03:58:13.170152,2019-11-29 03:58:38.170152,2019-11-29 04:21:29.485180,Replace,9,40,41,0 days 00:00:25.000000000,1121966193000
4,2019-11-29 04:09:00.000000,2019-11-29 04:09:50.000000,2019-11-29 04:32:34.136449,2019-11-29 04:33:10.904623,,,,Onsite,9,40,41,0 days 00:00:50.000000000,
5,2019-11-29 05:14:00.000000,2019-11-29 05:14:25.000000,2019-11-29 05:33:15.697650,2019-11-29 05:33:40.697650,2019-11-29 06:01:50.975736,2019-11-29 06:02:15.975736,2019-11-29 06:17:59.922436,Replace,9,40,41,0 days 00:00:25.000000000,1155697650000
6,2019-11-29 06:21:00.000000,2019-11-29 06:21:25.000000,2019-11-29 06:37:16.013676,2019-11-29 06:37:41.013676,2019-11-29 07:00:31.469623,2019-11-29 07:00:56.469623,2019-11-29 07:19:30.403787,Replace,9,40,41,0 days 00:00:25.000000000,976013676000
7,2019-11-29 07:40:00.000000,2019-11-29 07:40:55.000000,2019-11-29 07:59:02.336350,2019-11-29 07:59:57.336350,2019-11-29 08:39:28.017926,2019-11-29 08:40:23.017926,2019-11-29 08:52:24.497125,Replace,9,40,41,0 days 00:00:55.000000000,1142336350000
8,2019-11-29 09:04:00.000000,2019-11-29 09:04:45.000000,2019-11-29 09:23:48.224429,2019-11-29 09:24:02.109042,,,,Onsite,9,40,41,0 days 00:00:45.000000000,
9,2019-11-29 10:14:00.000000,2019-11-29 10:14:45.000000,2019-11-29 10:31:47.529742,2019-11-29 10:32:32.529742,2019-11-29 11:10:24.760166,2019-11-29 11:11:09.760166,2019-11-29 11:28:56.793261,Replace,9,40,41,0 days 00:00:45.000000000,1067529742000
10,2019-11-29 11:20:00.000000,2019-11-29 11:20:45.000000,2019-11-29 11:39:13.571181,2019-11-29 11:39:37.695818,,,,Onsite,9,40,41,0 days 00:00:45.000000000,
11,2019-11-29 12:15:00.000000,2019-11-29 12:15:25.000000,2019-11-29 12:33:26.610554,2019-11-29 12:33:55.885892,,,,Onsite,9,40,41,0 days 00:00:25.000000000,
12,2019-11-29 13:26:00.000000,2019-11-29 13:26:45.000000,2019-11-29 13:46:21.262582,2019-11-29 13:46:38.583535,,,,Onsite,9,40,41,0 days 00:00:45.000000000,
13,2019-11-29 14:37:00.000000,2019-11-29 14:37:45.000000,2019-11-29 14:57:45.631567,2019-11-29 14:58:30.631567,2019-11-29 15:39:02.390647,2019-11-29 15:39:47.390647,2019-11-29 15:57:31.672165,Replace,9,40,41,0 days 00:00:45.000000000,1245631567000
14,2019-11-29 15:37:00.000000,2019-11-29 15:37:45.000000,2019-11-29 15:54:58.988777,2019-11-29 15:55:43.988777,2019-11-29 16:28:39.820630,2019-11-29 16:29:24.820630,2019-11-29 16:48:28.407416,Replace,9,40,41,0 days 00:00:45.000000000,1078988777000
15,2019-11-29 16:43:00.000000,2019-11-29 16:43:35.000000,2019-11-29 16:57:35.729513,2019-11-29 16:58:10.729513,2019-11-29 17:49:56.632634,2019-11-29 17:50:31.632634,2019-11-29 18:06:10.397602,Replace,9,40,41,0 days 00:00:35.000000000,875729513000
16,2019-11-29 17:48:00.000000,2019-11-29 17:48:50.000000,2019-11-29 18:07:24.288134,2019-11-29 18:07:46.177849,,,,Onsite,9,40,41,0 days 00:00:50.000000000,
17,2019-11-29 18:39:00.000000,2019-11-29 18:39:55.000000,2019-11-29 18:55:10.487628,2019-11-29 18:56:05.487628,2019-11-29 19:37:33.216907,2019-11-29 19:38:28.216907,2019-11-29 19:56:23.376679,Replace,9,40,41,0 days 00:00:55.000000000,970487628000
18,2019-11-29 19:49:00.000000,2019-11-29 19:49:30.000000,2019-11-29 20:04:25.775073,2019-11-29 20:04:55.775073,2019-11-29 20:36:18.653241,2019-11-29 20:36:48.653241,2019-11-29 20:51:54.468419,Replace,9,40,41,0 days 00:00:30.000000000,925775073000
19,2019-11-29 21:00:00.000000,2019-11-29 21:00:50.000000,2019-11-29 21:24:00.162575,2019-11-29 21:24:50.162575,2019-11-29 21:49:31.162179,2019-11-29 21:50:21.162179,2019-11-29 22:05:36.409263,Replace,9,40,41,0 days 00:00:50.000000000,1440162575000
20,2019-11-29 22:09:00.000000,2019-11-29 22:09:25.000000,2019-11-29 22:27:47.450808,2019-11-29 22:28:01.673530,,,,Onsite,9,40,41,0 days 00:00:25.000000000,
